node,forward_history
0,"[0, 6, 20, 29, 23, 22, 17, 16, 24, 25, 25, 22, 33, 23, 30, 25, 20, 15, 13, 31, 14, 13, 28, 10, 14, 35, 20, 19, 34, 28, 22, 31, 12, 30, 20, 22, 15, 17, 30, 30, 19, 28, 24, 33, 29, 14, 24, 20, 20, 33]"
1,"[0, 3, 17, 39, 20, 31, 26, 26, 36, 26, 36, 26, 20, 24, 20, 37, 25, 16, 34, 14, 25, 14, 15, 24, 31, 24, 23, 33, 21, 28, 18, 19, 31, 19, 34, 27, 29, 23, 35, 38, 30, 22, 45, 25, 34, 19, 14, 35, 32, 42]"
2,"[0, 12, 26, 14, 24, 27, 33, 38, 13, 23, 27, 16, 34, 14, 29, 4, 27, 38, 20, 29, 12, 20, 22, 10, 20, 24, 22, 16, 30, 14, 25, 22, 14, 19, 31, 33, 30, 28, 12, 23, 28, 35, 22, 18, 25, 13, 24, 16, 21, 30]"
3,"[0, 13, 33, 34, 36, 33, 38, 29, 26, 27, 26, 24, 25, 18, 17, 33, 25, 27, 35, 21, 13, 33, 23, 33, 28, 25, 30, 24, 26, 24, 16, 22, 30, 33, 19, 36, 32, 18, 19, 21, 38, 16, 24, 15, 13, 33, 23, 20, 20, 23]"
4,"[0, 16, 14, 32, 18, 18, 31, 34, 29, 35, 29, 24, 16, 23, 11, 16, 24, 22, 35, 23, 28, 30, 28, 37, 17, 33, 26, 32, 35, 28, 22, 21, 21, 22, 33, 37, 26, 30, 33, 20, 21, 24, 23, 25, 24, 30, 16, 21, 15, 19]"
5,"[0, 18, 11, 24, 31, 35, 22, 27, 31, 36, 22, 22, 35, 13, 19, 19, 22, 15, 28, 11, 14, 34, 28, 28, 29, 16, 28, 33, 14, 23, 21, 24, 16, 14, 29, 33, 34, 28, 36, 24, 35, 26, 21, 13, 21, 20, 28, 12, 14, 11]"
6,"[0, 12, 30, 34, 19, 23, 20, 20, 40, 28, 24, 30, 35, 26, 30, 30, 36, 33, 20, 19, 25, 29, 24, 23, 41, 32, 29, 23, 19, 26, 20, 27, 20, 22, 31, 24, 20, 14, 38, 24, 33, 31, 12, 21, 26, 27, 26, 32, 23, 17]"
7,"[0, 12, 24, 20, 14, 17, 25, 28, 28, 23, 8, 30, 22, 18, 26, 26, 31, 33, 24, 16, 17, 15, 33, 17, 24, 28, 28, 18, 18, 33, 21, 36, 16, 20, 29, 31, 15, 26, 31, 31, 36, 14, 21, 41, 34, 30, 32, 23, 26, 23]"
8,"[0, 14, 9, 16, 20, 22, 22, 18, 18, 23, 24, 37, 35, 20, 28, 13, 14, 18, 15, 17, 19, 24, 21, 30, 29, 31, 39, 28, 15, 15, 29, 11, 25, 20, 23, 24, 22, 26, 20, 23, 16, 15, 37, 29, 29, 31, 23, 16, 31, 22]"
9,"[0, 8, 31, 22, 21, 16, 26, 14, 28, 32, 36, 34, 11, 34, 20, 20, 22, 34, 9, 10, 19, 32, 13, 19, 33, 24, 26, 37, 29, 34, 13, 21, 30, 12, 25, 27, 28, 16, 30, 8, 29, 24, 15, 24, 12, 18, 24, 34, 22, 20]"
10,"[0, 15, 19, 33, 17, 18, 25, 26, 27, 18, 40, 20, 30, 31, 18, 31, 23, 20, 24, 9, 29, 28, 17, 28, 25, 26, 26, 24, 24, 16, 16, 31, 15, 32, 16, 34, 23, 18, 16, 14, 13, 17, 33, 17, 24, 21, 33, 39, 29, 37]"
11,"[0, 0, 13, 27, 35, 30, 21, 14, 21, 18, 35, 29, 26, 22, 26, 46, 20, 33, 21, 33, 27, 18, 28, 9, 40, 23, 26, 28, 25, 15, 31, 18, 19, 18, 27, 30, 18, 17, 20, 26, 16, 19, 23, 33, 27, 26, 21, 22, 27, 38]"
12,"[0, 8, 31, 18, 17, 17, 26, 14, 27, 20, 22, 16, 37, 32, 35, 42, 29, 27, 18, 19, 25, 19, 12, 36, 35, 40, 28, 23, 18, 11, 15, 31, 15, 30, 29, 26, 21, 30, 19, 18, 16, 27, 21, 23, 27, 33, 20, 18, 18, 28]"
13,"[0, 7, 11, 19, 28, 14, 33, 30, 22, 12, 16, 37, 29, 38, 40, 37, 27, 25, 33, 13, 21, 19, 29, 30, 26, 25, 20, 22, 22, 28, 37, 22, 27, 21, 31, 35, 36, 29, 27, 27, 30, 29, 31, 33, 28, 32, 26, 24, 9, 15]"
14,"[0, 6, 11, 25, 22, 32, 25, 39, 20, 21, 24, 31, 33, 36, 19, 13, 33, 32, 40, 24, 23, 26, 19, 39, 26, 20, 22, 29, 23, 16, 24, 30, 20, 26, 20, 36, 38, 28, 16, 19, 40, 24, 27, 30, 31, 34, 31, 23, 26, 32]"
15,"[0, 20, 18, 21, 23, 25, 28, 26, 30, 16, 33, 19, 34, 21, 27, 21, 22, 36, 15, 38, 22, 28, 9, 16, 32, 24, 26, 37, 29, 13, 34, 27, 33, 12, 30, 33, 34, 27, 18, 13, 25, 30, 24, 47, 29, 34, 38, 20, 30, 14]"
16,"[0, 7, 8, 15, 26, 28, 26, 25, 26, 19, 22, 15, 22, 32, 15, 16, 32, 21, 27, 19, 19, 16, 31, 22, 32, 22, 9, 27, 23, 32, 18, 31, 30, 25, 20, 30, 34, 12, 16, 32, 21, 25, 33, 27, 21, 37, 18, 23, 21, 16]"
17,"[0, 0, 14, 23, 23, 39, 33, 40, 31, 20, 23, 38, 22, 30, 15, 14, 14, 38, 37, 34, 28, 28, 30, 12, 27, 26, 22, 19, 24, 28, 32, 46, 21, 28, 21, 33, 21, 34, 13, 27, 15, 44, 30, 36, 18, 30, 33, 15, 30, 26]"
18,"[0, 17, 10, 34, 33, 30, 13, 30, 23, 27, 20, 28, 30, 18, 26, 23, 16, 28, 27, 17, 20, 25, 32, 23, 23, 20, 9, 25, 26, 28, 30, 23, 35, 23, 30, 36, 28, 24, 39, 25, 24, 20, 27, 17, 27, 24, 18, 24, 26, 33]"
19,"[0, 5, 15, 19, 23, 19, 24, 25, 29, 20, 30, 15, 15, 25, 8, 13, 24, 17, 35, 25, 29, 29, 18, 31, 24, 11, 33, 37, 25, 26, 27, 28, 18, 27, 29, 23, 10, 24, 32, 15, 15, 15, 35, 29, 25, 30, 27, 11, 26, 20]"
20,"[0, 6, 11, 31, 32, 33, 32, 33, 12, 38, 19, 22, 9, 29, 20, 15, 24, 35, 31, 27, 36, 30, 23, 27, 23, 40, 35, 19, 41, 13, 23, 31, 14, 37, 21, 20, 15, 14, 28, 27, 22, 39, 26, 19, 25, 26, 19, 27, 23, 28]"
21,"[0, 7, 22, 13, 29, 41, 36, 26, 19, 29, 18, 20, 29, 29, 33, 21, 14, 25, 19, 26, 29, 18, 31, 25, 39, 29, 33, 45, 18, 28, 28, 34, 29, 23, 26, 26, 21, 32, 27, 27, 21, 22, 32, 38, 23, 21, 17, 18, 19, 26]"
22,"[0, 14, 11, 19, 16, 37, 28, 34, 24, 21, 31, 15, 19, 23, 34, 8, 29, 26, 10, 24, 25, 20, 20, 36, 16, 19, 36, 8, 36, 18, 21, 16, 24, 16, 23, 27, 23, 24, 27, 29, 31, 13, 29, 27, 33, 14, 23, 34, 36, 16]"
23,"[0, 9, 16, 31, 35, 12, 22, 33, 25, 18, 25, 29, 18, 25, 17, 21, 18, 13, 18, 25, 28, 27, 24, 19, 23, 29, 25, 24, 16, 22, 23, 15, 29, 18, 29, 32, 29, 9, 34, 28, 9, 28, 24, 28, 20, 16, 28, 33, 28, 26]"
24,"[0, 16, 14, 20, 17, 13, 19, 14, 31, 21, 26, 18, 15, 28, 22, 36, 14, 11, 32, 34, 31, 19, 33, 31, 42, 16, 35, 43, 23, 25, 16, 28, 25, 21, 15, 25, 36, 18, 35, 33, 19, 22, 31, 20, 31, 29, 30, 37, 29, 18]"
25,"[0, 0, 25, 32, 26, 43, 11, 20, 13, 30, 16, 28, 27, 21, 15, 16, 38, 24, 25, 39, 39, 25, 18, 30, 27, 34, 31, 28, 24, 34, 37, 26, 34, 25, 24, 32, 24, 35, 31, 21, 26, 12, 20, 25, 20, 20, 29, 24, 29, 26]"
26,"[0, 9, 26, 22, 38, 31, 27, 13, 22, 16, 30, 17, 20, 30, 15, 32, 27, 25, 25, 16, 34, 21, 32, 18, 16, 14, 29, 31, 31, 20, 24, 27, 39, 16, 26, 33, 26, 32, 15, 23, 20, 35, 24, 26, 23, 24, 17, 23, 34, 27]"
27,"[0, 12, 24, 40, 21, 42, 33, 22, 29, 32, 22, 35, 16, 34, 20, 18, 28, 13, 32, 28, 26, 26, 29, 25, 32, 36, 20, 16, 32, 27, 24, 38, 31, 24, 43, 31, 23, 32, 26, 33, 35, 29, 27, 28, 39, 19, 27, 20, 14, 12]"
28,"[0, 18, 25, 26, 27, 31, 24, 29, 22, 37, 20, 40, 37, 16, 9, 35, 22, 29, 19, 20, 24, 30, 16, 41, 15, 24, 33, 23, 31, 39, 18, 28, 26, 37, 30, 31, 28, 20, 22, 23, 30, 18, 28, 28, 13, 30, 34, 24, 12, 35]"
29,"[0, 4, 10, 10, 29, 24, 27, 25, 30, 17, 20, 18, 28, 29, 33, 8, 16, 26, 24, 17, 37, 19, 32, 12, 21, 26, 10, 25, 30, 13, 26, 21, 20, 25, 26, 22, 16, 18, 19, 29, 36, 30, 30, 20, 22, 23, 18, 32, 30, 35]"
30,"[0, 1, 24, 11, 13, 35, 29, 30, 25, 20, 36, 21, 26, 34, 10, 23, 36, 34, 27, 35, 17, 20, 11, 33, 27, 17, 25, 15, 16, 14, 16, 25, 44, 26, 37, 21, 31, 27, 34, 28, 33, 28, 32, 28, 24, 25, 37, 24, 15, 23]"
31,"[0, 7, 9, 21, 21, 15, 17, 17, 18, 20, 33, 24, 21, 15, 27, 31, 35, 14, 22, 33, 33, 15, 27, 19, 13, 36, 29, 29, 15, 28, 12, 25, 16, 32, 18, 35, 26, 31, 28, 23, 26, 26, 34, 26, 30, 34, 33, 30, 19, 26]"
32,"[0, 4, 7, 16, 36, 23, 22, 31, 6, 25, 32, 29, 10, 35, 16, 39, 22, 17, 32, 27, 25, 18, 16, 26, 23, 23, 22, 36, 22, 15, 23, 27, 16, 34, 26, 13, 24, 18, 31, 37, 19, 36, 19, 24, 34, 30, 24, 28, 22, 30]"
33,"[0, 10, 21, 22, 22, 26, 34, 20, 8, 22, 28, 18, 26, 30, 29, 17, 19, 26, 28, 31, 32, 38, 15, 23, 29, 32, 33, 29, 35, 25, 20, 34, 33, 26, 17, 30, 25, 32, 35, 16, 34, 28, 23, 22, 23, 39, 17, 29, 28, 32]"
34,"[0, 7, 24, 20, 15, 15, 26, 15, 15, 26, 10, 13, 14, 16, 25, 20, 23, 25, 18, 25, 25, 19, 25, 22, 35, 33, 10, 25, 19, 32, 30, 11, 25, 17, 28, 19, 28, 23, 20, 18, 18, 13, 31, 30, 30, 24, 24, 16, 25, 26]"
35,"[0, 11, 7, 22, 10, 9, 22, 14, 26, 17, 21, 28, 25, 25, 19, 23, 17, 18, 11, 13, 20, 15, 31, 20, 23, 13, 23, 14, 18, 31, 19, 22, 21, 21, 20, 28, 7, 27, 25, 21, 19, 24, 16, 15, 33, 29, 10, 32, 33, 18]"
36,"[0, 16, 29, 10, 27, 29, 14, 24, 30, 29, 24, 8, 33, 26, 28, 25, 33, 32, 16, 24, 17, 21, 14, 31, 15, 31, 20, 24, 22, 21, 35, 16, 24, 12, 20, 20, 31, 26, 28, 33, 18, 41, 21, 31, 33, 23, 17, 28, 35, 13]"
37,"[0, 10, 25, 32, 23, 28, 27, 22, 24, 20, 15, 32, 29, 27, 29, 41, 30, 19, 28, 35, 22, 17, 21, 22, 23, 31, 14, 33, 24, 25, 32, 33, 23, 25, 31, 25, 23, 30, 24, 37, 30, 19, 26, 18, 10, 23, 29, 22, 30, 32]"
38,"[0, 12, 23, 32, 34, 10, 21, 13, 12, 22, 18, 23, 28, 29, 34, 34, 24, 22, 22, 36, 24, 34, 24, 28, 31, 13, 9, 25, 30, 23, 22, 21, 23, 18, 20, 20, 27, 18, 36, 36, 27, 31, 16, 22, 11, 33, 25, 27, 40, 19]"
39,"[0, 14, 19, 35, 34, 28, 33, 10, 29, 28, 19, 37, 19, 18, 15, 27, 32, 23, 17, 35, 25, 14, 34, 34, 38, 15, 32, 24, 30, 13, 30, 26, 20, 27, 25, 35, 15, 30, 15, 40, 34, 12, 25, 13, 24, 22, 35, 29, 29, 20]"
40,"[0, 20, 18, 27, 18, 25, 16, 29, 20, 17, 35, 10, 45, 26, 29, 18, 38, 8, 33, 19, 21, 29, 29, 21, 19, 32, 23, 29, 23, 26, 13, 40, 22, 20, 27, 14, 21, 26, 15, 38, 17, 36, 33, 25, 17, 32, 15, 19, 22, 10]"
41,"[0, 15, 17, 15, 15, 17, 29, 12, 28, 13, 20, 38, 14, 39, 29, 36, 29, 30, 26, 21, 26, 26, 21, 32, 32, 16, 15, 30, 27, 34, 26, 18, 33, 50, 14, 24, 35, 12, 19, 17, 39, 15, 26, 20, 26, 37, 37, 11, 34, 31]"
42,"[0, 13, 30, 30, 25, 32, 18, 15, 14, 14, 26, 28, 16, 21, 13, 34, 24, 13, 18, 21, 24, 30, 29, 25, 28, 23, 35, 29, 16, 14, 23, 39, 30, 29, 29, 30, 25, 28, 24, 27, 22, 19, 16, 28, 33, 22, 18, 10, 20, 37]"
43,"[0, 11, 28, 22, 33, 33, 33, 8, 15, 22, 24, 25, 23, 10, 13, 27, 24, 28, 26, 15, 22, 27, 34, 12, 19, 22, 25, 31, 30, 30, 34, 16, 31, 30, 23, 27, 20, 27, 28, 23, 23, 23, 34, 20, 32, 22, 23, 22, 29, 32]"
44,"[0, 13, 13, 18, 34, 26, 15, 16, 24, 32, 31, 31, 13, 24, 32, 37, 14, 23, 41, 17, 19, 22, 18, 36, 15, 15, 16, 18, 30, 31, 32, 23, 20, 34, 31, 30, 18, 13, 32, 26, 13, 40, 22, 32, 35, 29, 24, 36, 25, 26]"
45,"[0, 15, 18, 31, 28, 26, 19, 25, 21, 26, 32, 39, 23, 22, 26, 33, 12, 29, 14, 31, 22, 27, 33, 25, 21, 18, 23, 27, 26, 39, 39, 17, 33, 13, 11, 15, 25, 33, 10, 28, 23, 27, 24, 27, 31, 22, 26, 24, 30, 30]"
46,"[0, 8, 29, 15, 30, 18, 29, 22, 26, 24, 27, 36, 16, 26, 19, 29, 27, 11, 21, 15, 26, 28, 23, 37, 16, 16, 28, 18, 34, 21, 27, 18, 21, 19, 15, 24, 19, 19, 38, 18, 18, 13, 25, 29, 30, 33, 34, 21, 31, 27]"
47,"[0, 2, 11, 22, 37, 39, 39, 23, 35, 37, 25, 26, 23, 20, 16, 24, 25, 35, 26, 20, 27, 31, 26, 23, 27, 30, 14, 43, 16, 26, 32, 16, 31, 16, 24, 23, 20, 15, 27, 30, 28, 19, 28, 12, 31, 22, 33, 21, 22, 32]"
48,"[0, 19, 19, 29, 22, 34, 22, 24, 21, 31, 21, 25, 37, 14, 26, 43, 15, 33, 33, 30, 20, 22, 29, 31, 25, 21, 35, 28, 18, 35, 20, 40, 25, 30, 19, 19, 19, 17, 30, 40, 28, 18, 20, 30, 21, 23, 20, 23, 20, 26]"
49,"[0, 8, 19, 29, 31, 22, 34, 20, 16, 25, 22, 27, 26, 33, 21, 28, 19, 29, 16, 34, 32, 22, 27, 21, 30, 24, 28, 26, 28, 24, 25, 24, 19, 18, 27, 32, 26, 16, 34, 37, 16, 21, 31, 25, 26, 13, 16, 15, 22, 28]"
50,"[0, 7, 23, 15, 29, 26, 21, 25, 19, 13, 28, 29, 22, 20, 22, 24, 22, 16, 19, 21, 13, 17, 25, 27, 38, 36, 29, 25, 24, 24, 26, 33, 15, 23, 15, 16, 16, 18, 21, 22, 25, 25, 34, 44, 17, 12, 19, 28, 30, 23]"
51,"[0, 3, 10, 23, 14, 21, 21, 13, 15, 32, 30, 21, 26, 28, 16, 19, 20, 14, 33, 16, 14, 23, 25, 27, 26, 19, 28, 27, 35, 31, 22, 32, 37, 23, 22, 29, 22, 26, 35, 30, 33, 24, 22, 33, 16, 38, 18, 25, 24, 32]"
52,"[0, 4, 16, 17, 28, 14, 29, 25, 31, 20, 22, 33, 34, 18, 17, 28, 23, 26, 7, 35, 21, 23, 21, 23, 17, 21, 25, 30, 16, 27, 31, 27, 38, 19, 32, 14, 20, 17, 12, 32, 36, 19, 27, 11, 24, 13, 22, 18, 19, 37]"
53,"[0, 19, 26, 33, 29, 15, 38, 23, 18, 28, 35, 27, 38, 31, 15, 20, 44, 16, 16, 14, 18, 26, 27, 27, 30, 24, 25, 22, 23, 28, 35, 28, 22, 32, 26, 15, 18, 19, 26, 34, 33, 36, 29, 20, 13, 24, 32, 13, 32, 22]"
54,"[0, 9, 39, 26, 25, 27, 38, 27, 30, 21, 31, 35, 33, 41, 34, 31, 33, 16, 12, 17, 18, 28, 3, 23, 21, 40, 22, 29, 17, 35, 20, 31, 32, 13, 22, 23, 37, 39, 27, 30, 35, 27, 20, 29, 21, 18, 34, 35, 22, 31]"
55,"[0, 18, 8, 19, 13, 32, 34, 26, 10, 35, 25, 13, 31, 25, 15, 27, 27, 24, 14, 25, 26, 13, 24, 20, 29, 27, 36, 28, 18, 26, 21, 24, 24, 13, 25, 30, 17, 29, 15, 26, 18, 26, 28, 30, 26, 21, 18, 28, 24, 17]"
56,"[0, 1, 20, 20, 21, 28, 28, 38, 28, 23, 23, 20, 29, 22, 18, 29, 39, 26, 40, 22, 9, 28, 18, 29, 16, 21, 33, 19, 14, 28, 24, 21, 22, 32, 31, 18, 20, 25, 18, 25, 25, 20, 19, 22, 14, 20, 21, 20, 32, 28]"
57,"[0, 11, 9, 24, 26, 32, 31, 18, 15, 29, 26, 15, 16, 33, 13, 18, 29, 23, 17, 20, 35, 30, 15, 33, 33, 27, 22, 18, 30, 26, 36, 22, 28, 30, 28, 30, 33, 33, 28, 26, 14, 19, 12, 20, 28, 27, 34, 30, 18, 18]"
58,"[0, 20, 23, 18, 26, 24, 16, 20, 23, 18, 31, 32, 31, 14, 13, 37, 16, 28, 27, 26, 17, 22, 39, 20, 22, 22, 18, 26, 11, 29, 33, 20, 11, 18, 24, 25, 31, 16, 33, 14, 14, 16, 30, 21, 20, 29, 17, 16, 16, 35]"
59,"[0, 6, 14, 15, 34, 17, 33, 14, 17, 27, 27, 33, 28, 27, 28, 28, 34, 16, 34, 27, 25, 18, 26, 19, 36, 21, 30, 17, 19, 12, 19, 18, 22, 11, 29, 23, 36, 16, 16, 20, 28, 23, 33, 19, 31, 20, 15, 29, 24, 37]"
60,"[0, 11, 18, 28, 21, 28, 12, 17, 13, 27, 34, 11, 28, 24, 15, 29, 24, 41, 27, 13, 20, 30, 24, 32, 33, 24, 24, 16, 25, 10, 23, 32, 12, 13, 17, 37, 22, 33, 20, 15, 26, 37, 28, 24, 12, 29, 27, 14, 23, 22]"
61,"[0, 11, 16, 19, 14, 19, 28, 24, 14, 15, 22, 13, 22, 28, 13, 31, 33, 30, 31, 20, 27, 34, 33, 26, 20, 29, 17, 21, 14, 16, 20, 20, 27, 33, 23, 23, 29, 10, 18, 36, 24, 30, 22, 14, 25, 42, 17, 22, 20, 33]"
62,"[0, 16, 22, 18, 25, 11, 21, 17, 22, 27, 14, 23, 28, 12, 33, 37, 24, 29, 31, 32, 28, 22, 35, 35, 32, 23, 23, 30, 34, 28, 27, 21, 15, 13, 31, 28, 31, 20, 26, 26, 22, 13, 24, 31, 25, 28, 23, 31, 26, 30]"
63,"[0, 14, 24, 26, 34, 22, 30, 29, 23, 36, 40, 29, 22, 29, 28, 30, 25, 16, 28, 35, 24, 36, 32, 26, 17, 23, 17, 28, 34, 38, 25, 31, 36, 33, 45, 37, 46, 21, 41, 33, 17, 40, 29, 30, 27, 26, 27, 23, 39, 31]"
64,"[0, 8, 24, 25, 35, 25, 22, 34, 49, 37, 12, 22, 13, 15, 28, 36, 31, 16, 25, 28, 30, 23, 9, 27, 19, 12, 14, 24, 29, 34, 31, 27, 22, 34, 30, 37, 32, 17, 18, 19, 30, 34, 35, 32, 22, 10, 36, 18, 35, 22]"
65,"[0, 20, 10, 19, 25, 29, 23, 33, 21, 14, 13, 34, 25, 15, 22, 21, 26, 34, 29, 28, 24, 17, 22, 16, 11, 12, 18, 20, 33, 35, 37, 21, 39, 26, 24, 24, 17, 18, 25, 19, 24, 28, 23, 12, 13, 29, 26, 39, 27, 37]"
66,"[0, 12, 24, 16, 32, 27, 32, 16, 31, 16, 20, 21, 30, 21, 12, 23, 25, 17, 19, 36, 31, 26, 15, 19, 8, 23, 26, 24, 25, 22, 22, 27, 22, 22, 24, 35, 20, 32, 18, 34, 22, 25, 25, 27, 37, 36, 37, 32, 27, 26]"
67,"[0, 7, 10, 29, 42, 34, 22, 27, 15, 29, 18, 22, 13, 17, 18, 24, 33, 28, 23, 14, 7, 29, 34, 15, 29, 23, 24, 11, 25, 17, 36, 31, 35, 34, 29, 41, 17, 31, 29, 16, 19, 12, 16, 29, 27, 35, 42, 18, 31, 16]"
68,"[0, 5, 22, 23, 31, 31, 23, 20, 26, 31, 18, 20, 30, 8, 29, 33, 31, 15, 14, 15, 30, 18, 25, 25, 30, 14, 17, 36, 23, 10, 19, 40, 12, 41, 34, 21, 27, 22, 17, 21, 15, 24, 27, 13, 34, 30, 9, 31, 16, 31]"
69,"[0, 10, 17, 35, 36, 20, 25, 15, 26, 30, 34, 15, 28, 26, 22, 20, 33, 28, 33, 17, 19, 22, 28, 20, 31, 20, 29, 24, 20, 19, 28, 25, 25, 19, 40, 35, 18, 21, 28, 19, 7, 17, 22, 31, 26, 35, 28, 13, 15, 21]"
70,"[0, 16, 14, 30, 33, 37, 30, 28, 25, 25, 13, 25, 22, 24, 22, 20, 28, 32, 25, 29, 24, 40, 30, 21, 41, 17, 34, 22, 26, 26, 36, 22, 17, 29, 33, 27, 20, 34, 24, 26, 22, 23, 32, 32, 31, 18, 19, 31, 31, 24]"
71,"[0, 9, 13, 15, 29, 25, 25, 18, 24, 7, 27, 42, 20, 34, 26, 20, 23, 21, 32, 32, 23, 34, 10, 30, 15, 16, 19, 24, 36, 15, 28, 31, 13, 32, 39, 27, 33, 27, 30, 32, 40, 20, 32, 24, 27, 29, 29, 27, 15, 35]"
72,"[0, 7, 18, 22, 17, 17, 31, 33, 21, 32, 13, 25, 32, 29, 43, 24, 14, 26, 18, 29, 17, 16, 23, 25, 12, 16, 9, 27, 21, 21, 20, 19, 23, 12, 23, 36, 10, 24, 16, 31, 25, 20, 17, 42, 33, 28, 23, 34, 26, 15]"
73,"[0, 10, 23, 20, 27, 27, 16, 33, 28, 36, 25, 19, 33, 31, 26, 20, 28, 24, 24, 15, 24, 31, 19, 22, 25, 23, 20, 12, 41, 16, 29, 38, 10, 25, 12, 21, 25, 33, 29, 22, 29, 25, 29, 30, 7, 19, 40, 23, 31, 21]"
74,"[0, 4, 19, 34, 33, 35, 24, 22, 34, 10, 29, 26, 32, 18, 27, 38, 24, 13, 19, 29, 23, 20, 21, 14, 26, 25, 11, 37, 16, 35, 27, 28, 34, 19, 16, 31, 24, 34, 17, 22, 29, 31, 28, 18, 21, 30, 37, 14, 33, 41]"
75,"[0, 0, 31, 44, 30, 25, 20, 27, 17, 55, 15, 23, 23, 44, 32, 42, 28, 26, 22, 21, 34, 31, 22, 27, 31, 22, 31, 22, 19, 21, 31, 33, 29, 31, 15, 33, 38, 23, 22, 26, 29, 36, 24, 30, 18, 27, 35, 36, 20, 30]"
76,"[0, 10, 24, 35, 13, 19, 25, 29, 26, 24, 30, 17, 23, 31, 26, 21, 20, 28, 15, 28, 29, 35, 27, 22, 24, 17, 29, 19, 18, 12, 14, 27, 16, 29, 33, 22, 32, 22, 33, 31, 34, 20, 27, 29, 39, 28, 35, 25, 16, 32]"
77,"[0, 9, 24, 19, 17, 27, 28, 32, 24, 21, 16, 25, 21, 20, 30, 27, 24, 28, 25, 28, 29, 24, 18, 19, 18, 21, 27, 25, 18, 27, 21, 17, 27, 22, 25, 25, 29, 30, 35, 20, 28, 30, 26, 22, 23, 25, 32, 25, 19, 22]"
78,"[0, 18, 22, 30, 14, 15, 35, 24, 12, 15, 34, 27, 25, 25, 22, 18, 30, 18, 24, 10, 19, 34, 27, 32, 36, 24, 11, 15, 31, 37, 21, 28, 34, 14, 28, 39, 43, 30, 26, 12, 28, 40, 20, 25, 13, 31, 27, 38, 25, 15]"
79,"[0, 17, 23, 31, 32, 26, 39, 34, 32, 33, 19, 23, 16, 36, 20, 18, 23, 18, 33, 30, 22, 29, 27, 30, 22, 23, 21, 19, 35, 15, 19, 27, 14, 42, 31, 16, 28, 28, 23, 8, 25, 15, 17, 29, 24, 29, 15, 25, 27, 37]"
80,"[0, 18, 30, 35, 20, 22, 19, 27, 34, 27, 35, 22, 26, 29, 21, 42, 26, 27, 23, 36, 33, 27, 25, 32, 22, 29, 24, 30, 17, 18, 24, 30, 25, 21, 21, 47, 15, 45, 16, 12, 21, 27, 39, 32, 18, 18, 17, 35, 38, 38]"
81,"[0, 2, 19, 14, 21, 34, 23, 23, 20, 26, 22, 12, 19, 15, 34, 11, 16, 31, 12, 27, 24, 30, 16, 30, 14, 16, 26, 38, 28, 27, 32, 24, 21, 18, 32, 19, 31, 16, 15, 28, 32, 19, 31, 17, 22, 36, 31, 18, 31, 17]"
82,"[0, 12, 19, 30, 29, 26, 18, 20, 18, 36, 16, 28, 24, 30, 16, 18, 18, 13, 31, 16, 25, 15, 27, 15, 33, 29, 28, 19, 24, 25, 20, 17, 23, 32, 18, 35, 17, 29, 36, 18, 19, 25, 18, 33, 10, 14, 25, 28, 34, 9]"
83,"[0, 6, 26, 25, 20, 19, 24, 35, 28, 22, 23, 20, 40, 31, 33, 26, 18, 15, 37, 19, 15, 19, 35, 29, 38, 24, 17, 8, 14, 17, 23, 30, 25, 15, 21, 15, 21, 23, 26, 11, 24, 11, 16, 34, 16, 11, 21, 26, 21, 37]"
84,"[0, 15, 11, 40, 16, 30, 41, 28, 19, 24, 27, 22, 27, 15, 29, 29, 25, 21, 14, 17, 30, 25, 33, 17, 25, 26, 25, 16, 19, 33, 24, 21, 31, 14, 27, 25, 18, 31, 20, 32, 7, 24, 33, 22, 31, 34, 25, 34, 37, 8]"
85,"[0, 1, 32, 23, 20, 25, 32, 24, 17, 28, 14, 32, 17, 33, 22, 27, 21, 18, 17, 6, 18, 24, 21, 15, 26, 37, 16, 38, 24, 22, 33, 27, 11, 21, 22, 30, 34, 13, 33, 23, 28, 11, 17, 30, 27, 28, 33, 30, 25, 26]"
86,"[0, 11, 14, 29, 22, 40, 16, 17, 13, 32, 30, 11, 28, 24, 31, 29, 27, 34, 15, 13, 15, 37, 12, 18, 25, 22, 24, 33, 15, 26, 33, 30, 22, 34, 11, 19, 35, 34, 35, 22, 13, 26, 17, 13, 26, 14, 16, 12, 26, 34]"
87,"[0, 18, 20, 14, 23, 18, 34, 18, 19, 25, 18, 30, 26, 19, 33, 29, 30, 22, 18, 34, 22, 23, 19, 22, 25, 16, 39, 32, 22, 22, 17, 27, 27, 14, 27, 25, 19, 41, 34, 41, 37, 34, 32, 23, 19, 11, 23, 33, 25, 23]"
88,"[0, 15, 21, 24, 28, 29, 32, 18, 18, 35, 34, 22, 13, 15, 26, 18, 27, 22, 24, 27, 44, 33, 22, 37, 21, 32, 20, 36, 23, 22, 37, 15, 18, 38, 23, 26, 38, 28, 35, 34, 36, 32, 35, 33, 17, 29, 28, 21, 32, 44]"
89,"[0, 0, 33, 27, 30, 39, 19, 31, 15, 19, 31, 14, 8, 34, 30, 30, 22, 18, 19, 36, 26, 23, 10, 32, 15, 22, 18, 22, 10, 15, 26, 20, 30, 24, 23, 28, 22, 25, 24, 25, 24, 19, 18, 22, 14, 13, 23, 23, 26, 25]"
90,"[0, 15, 13, 31, 31, 31, 29, 27, 33, 28, 17, 24, 29, 24, 30, 34, 24, 14, 23, 26, 30, 36, 34, 22, 11, 17, 19, 23, 33, 33, 38, 33, 23, 31, 21, 22, 29, 26, 16, 34, 22, 31, 24, 30, 29, 21, 12, 28, 37, 25]"
91,"[0, 13, 18, 30, 36, 32, 37, 22, 21, 15, 27, 13, 37, 9, 28, 34, 32, 12, 23, 21, 25, 29, 28, 28, 19, 28, 17, 35, 36, 18, 26, 25, 48, 34, 32, 25, 24, 34, 26, 16, 13, 34, 22, 31, 37, 27, 21, 38, 38, 23]"
92,"[0, 0, 28, 29, 24, 23, 16, 32, 18, 35, 32, 20, 10, 32, 26, 22, 10, 23, 34, 20, 30, 12, 35, 23, 21, 35, 14, 30, 21, 25, 37, 34, 28, 24, 31, 37, 31, 30, 29, 9, 29, 16, 37, 26, 32, 27, 33, 24, 34, 24]"
93,"[0, 18, 6, 20, 20, 25, 21, 16, 27, 34, 25, 14, 22, 37, 13, 27, 19, 25, 28, 19, 15, 20, 27, 27, 32, 14, 26, 22, 24, 40, 19, 24, 21, 23, 20, 26, 16, 13, 17, 15, 23, 32, 32, 30, 27, 29, 24, 31, 16, 17]"
94,"[0, 3, 32, 24, 23, 20, 22, 24, 11, 22, 20, 25, 26, 21, 30, 17, 27, 23, 33, 17, 19, 15, 33, 30, 24, 18, 22, 28, 31, 31, 32, 25, 23, 15, 26, 21, 22, 38, 14, 11, 25, 19, 30, 29, 24, 25, 29, 38, 15, 31]"
95,"[0, 17, 28, 22, 22, 34, 27, 25, 25, 32, 14, 25, 22, 28, 20, 22, 30, 26, 21, 23, 29, 18, 26, 34, 11, 16, 30, 32, 34, 21, 27, 31, 23, 37, 30, 29, 23, 19, 18, 38, 26, 33, 26, 44, 24, 23, 28, 28, 23, 20]"
96,"[0, 1, 25, 35, 27, 31, 35, 17, 19, 24, 37, 26, 23, 12, 38, 39, 18, 32, 35, 29, 18, 18, 18, 20, 33, 21, 14, 16, 27, 21, 32, 20, 30, 20, 31, 15, 22, 31, 28, 29, 20, 15, 26, 18, 28, 19, 31, 34, 18, 21]"
97,"[0, 6, 28, 21, 18, 31, 26, 30, 29, 16, 23, 39, 24, 25, 26, 23, 38, 34, 32, 22, 20, 22, 18, 31, 23, 34, 14, 33, 32, 11, 36, 24, 23, 27, 28, 34, 11, 32, 37, 29, 7, 19, 28, 19, 15, 22, 36, 24, 38, 21]"
98,"[0, 14, 15, 23, 25, 17, 28, 37, 25, 26, 26, 35, 15, 23, 32, 31, 23, 26, 34, 29, 29, 11, 25, 23, 15, 26, 18, 22, 22, 28, 29, 28, 29, 36, 35, 28, 28, 26, 30, 16, 32, 13, 26, 26, 31, 30, 37, 26, 7, 21]"
99,"[0, 10, 8, 24, 38, 19, 37, 26, 34, 24, 33, 19, 27, 28, 31, 33, 44, 25, 30, 29, 22, 35, 29, 19, 34, 30, 28, 25, 28, 19, 30, 27, 31, 20, 33, 16, 31, 22, 16, 34, 22, 29, 22, 29, 19, 27, 29, 25, 27, 33]"
100,"[0, 17, 7, 20, 15, 22, 43, 20, 15, 38, 29, 13, 14, 25, 34, 20, 23, 30, 29, 20, 38, 16, 32, 22, 29, 30, 18, 14, 15, 22, 14, 28, 20, 21, 24, 26, 33, 14, 35, 23, 27, 21, 22, 17, 26, 21, 20, 22, 22, 24]"
101,"[0, 9, 19, 23, 23, 25, 29, 28, 27, 21, 29, 19, 32, 31, 24, 27, 17, 17, 44, 29, 21, 9, 30, 27, 19, 26, 15, 23, 19, 36, 20, 25, 31, 26, 38, 22, 32, 28, 27, 36, 13, 19, 15, 17, 18, 31, 14, 36, 23, 24]"
102,"[0, 6, 27, 23, 25, 14, 29, 24, 25, 31, 26, 16, 39, 34, 22, 12, 14, 16, 18, 36, 19, 21, 20, 33, 38, 26, 31, 12, 11, 26, 21, 37, 16, 33, 24, 21, 9, 28, 26, 28, 29, 12, 13, 18, 21, 24, 31, 22, 12, 18]"
103,"[0, 19, 20, 42, 25, 26, 19, 30, 29, 33, 35, 34, 8, 28, 29, 17, 16, 36, 26, 27, 19, 32, 37, 40, 32, 34, 26, 14, 28, 22, 38, 12, 32, 18, 20, 18, 25, 38, 26, 29, 18, 39, 18, 34, 24, 24, 23, 32, 32, 17]"
104,"[0, 17, 32, 32, 20, 24, 25, 19, 21, 31, 31, 27, 27, 27, 28, 22, 27, 21, 22, 19, 6, 28, 22, 18, 31, 13, 18, 30, 33, 16, 5, 12, 19, 32, 21, 32, 30, 22, 17, 15, 27, 39, 22, 14, 31, 23, 36, 21, 27, 26]"
105,"[0, 12, 25, 35, 29, 19, 24, 24, 26, 32, 32, 30, 12, 19, 19, 24, 26, 29, 32, 24, 32, 30, 22, 22, 19, 18, 37, 27, 22, 28, 28, 39, 34, 22, 29, 15, 31, 15, 26, 14, 29, 20, 35, 27, 29, 17, 13, 37, 34, 41]"
106,"[0, 13, 23, 25, 10, 22, 33, 10, 26, 36, 23, 18, 23, 23, 30, 31, 20, 39, 25, 30, 34, 18, 27, 37, 6, 26, 17, 12, 18, 17, 19, 35, 35, 26, 30, 33, 18, 23, 20, 25, 29, 21, 34, 35, 23, 18, 13, 22, 46, 26]"
107,"[0, 10, 21, 23, 25, 29, 16, 28, 22, 25, 16, 28, 21, 16, 25, 27, 30, 15, 17, 24, 10, 30, 23, 22, 18, 14, 9, 29, 16, 21, 31, 22, 29, 15, 31, 29, 23, 21, 12, 14, 21, 12, 23, 41, 30, 23, 19, 27, 27, 17]"
108,"[0, 19, 18, 19, 28, 23, 28, 12, 40, 19, 20, 33, 28, 19, 33, 15, 14, 18, 29, 16, 23, 12, 19, 25, 15, 20, 24, 27, 18, 31, 31, 35, 18, 29, 26, 30, 25, 15, 22, 16, 16, 29, 15, 28, 24, 24, 24, 40, 15, 37]"
109,"[0, 2, 10, 22, 29, 21, 12, 45, 22, 38, 18, 11, 29, 34, 30, 20, 30, 22, 23, 15, 27, 25, 21, 18, 24, 27, 22, 25, 34, 29, 24, 36, 34, 36, 29, 34, 17, 24, 15, 17, 14, 15, 23, 23, 33, 20, 31, 26, 18, 34]"
110,"[0, 11, 15, 36, 17, 13, 33, 42, 29, 25, 21, 24, 20, 32, 18, 30, 23, 28, 23, 26, 19, 32, 38, 31, 31, 23, 36, 19, 17, 25, 28, 29, 27, 19, 20, 15, 28, 22, 11, 20, 21, 24, 23, 29, 25, 22, 19, 22, 27, 21]"
111,"[0, 3, 25, 14, 20, 20, 37, 39, 27, 23, 26, 16, 36, 37, 31, 23, 13, 29, 19, 20, 22, 32, 23, 27, 24, 28, 38, 26, 25, 17, 19, 26, 25, 18, 26, 12, 17, 16, 18, 25, 29, 24, 33, 29, 24, 23, 33, 13, 14, 42]"
112,"[0, 5, 17, 36, 27, 31, 22, 26, 38, 20, 34, 16, 19, 27, 17, 14, 27, 20, 20, 18, 33, 21, 20, 31, 38, 20, 41, 28, 27, 31, 18, 31, 26, 33, 30, 33, 18, 13, 34, 28, 37, 45, 30, 26, 23, 17, 30, 24, 28, 18]"
113,"[0, 7, 18, 37, 17, 7, 23, 24, 17, 30, 15, 21, 33, 27, 20, 36, 10, 18, 12, 31, 29, 13, 19, 18, 25, 28, 31, 19, 32, 28, 26, 23, 21, 28, 31, 9, 27, 17, 27, 32, 33, 25, 37, 30, 28, 34, 21, 17, 17, 35]"
114,"[0, 8, 27, 24, 16, 35, 17, 38, 26, 24, 9, 21, 23, 27, 38, 20, 15, 30, 21, 30, 18, 20, 22, 20, 13, 30, 16, 24, 12, 37, 33, 12, 11, 34, 35, 12, 26, 34, 40, 21, 36, 37, 18, 21, 23, 18, 13, 14, 34, 16]"
115,"[0, 13, 31, 19, 28, 24, 17, 19, 24, 17, 30, 28, 35, 23, 20, 25, 14, 23, 38, 17, 33, 36, 23, 16, 15, 12, 31, 19, 20, 18, 17, 33, 20, 28, 21, 21, 19, 33, 19, 40, 17, 30, 19, 27, 32, 18, 10, 29, 15, 28]"
116,"[0, 2, 22, 25, 27, 11, 21, 22, 34, 23, 29, 22, 19, 20, 15, 17, 17, 35, 25, 12, 36, 23, 27, 19, 17, 31, 20, 23, 12, 26, 10, 20, 27, 21, 14, 16, 25, 26, 34, 35, 32, 23, 28, 11, 20, 28, 35, 22, 15, 32]"
117,"[0, 9, 26, 18, 12, 28, 23, 29, 22, 21, 32, 12, 26, 25, 26, 29, 23, 15, 23, 42, 20, 27, 32, 23, 25, 18, 22, 24, 27, 16, 35, 29, 28, 9, 16, 36, 26, 28, 35, 15, 20, 20, 26, 29, 19, 24, 25, 20, 35, 24]"
118,"[0, 7, 24, 23, 28, 36, 32, 23, 18, 23, 33, 19, 28, 20, 29, 27, 20, 26, 26, 32, 26, 27, 16, 36, 24, 15, 25, 24, 29, 22, 34, 30, 6, 33, 27, 27, 36, 25, 29, 31, 21, 30, 38, 26, 19, 21, 29, 38, 26, 32]"
119,"[0, 10, 18, 9, 27, 29, 20, 27, 28, 38, 37, 39, 13, 26, 25, 37, 27, 22, 14, 40, 20, 27, 31, 12, 24, 27, 27, 28, 37, 28, 19, 28, 34, 18, 36, 28, 20, 30, 33, 20, 47, 29, 28, 26, 24, 32, 20, 14, 25, 31]"
120,"[0, 5, 24, 31, 22, 41, 12, 36, 22, 33, 25, 20, 22, 23, 39, 20, 36, 29, 32, 36, 35, 22, 26, 25, 23, 16, 15, 35, 30, 26, 31, 15, 33, 22, 30, 34, 27, 30, 32, 35, 23, 24, 24, 33, 19, 31, 28, 22, 32, 31]"
121,"[0, 8, 20, 24, 35, 8, 15, 17, 29, 24, 13, 22, 24, 10, 42, 34, 18, 21, 24, 13, 27, 11, 17, 37, 18, 33, 21, 17, 17, 18, 25, 21, 18, 24, 22, 17, 31, 34, 26, 28, 15, 28, 27, 15, 16, 26, 24, 34, 31, 26]"
122,"[0, 10, 31, 28, 31, 26, 22, 21, 21, 31, 26, 27, 24, 29, 32, 13, 25, 29, 19, 25, 17, 22, 29, 34, 36, 21, 28, 23, 27, 19, 31, 40, 27, 30, 18, 19, 15, 20, 25, 24, 11, 21, 21, 23, 22, 21, 39, 26, 20, 22]"
123,"[0, 13, 30, 32, 24, 11, 20, 31, 32, 9, 24, 25, 19, 19, 20, 32, 33, 22, 30, 23, 22, 30, 17, 18, 20, 20, 17, 15, 26, 27, 34, 16, 23, 18, 30, 23, 23, 27, 33, 29, 20, 31, 30, 32, 24, 16, 43, 31, 46, 29]"
124,"[0, 9, 19, 25, 38, 19, 21, 29, 14, 24, 16, 33, 31, 27, 30, 27, 19, 22, 29, 19, 21, 27, 16, 15, 30, 25, 31, 38, 16, 21, 18, 25, 14, 20, 37, 26, 24, 26, 23, 30, 31, 19, 34, 19, 37, 42, 28, 40, 21, 21]"
125,"[0, 16, 21, 30, 22, 36, 19, 25, 26, 29, 13, 28, 36, 31, 33, 25, 36, 25, 23, 23, 13, 25, 17, 30, 22, 24, 23, 32, 25, 31, 14, 22, 19, 34, 17, 39, 20, 14, 21, 22, 21, 35, 35, 27, 33, 24, 21, 30, 32, 40]"
126,"[0, 6, 14, 20, 27, 31, 26, 28, 13, 20, 24, 14, 18, 22, 37, 30, 26, 37, 34, 11, 32, 14, 36, 25, 23, 29, 28, 25, 33, 20, 31, 16, 24, 17, 34, 29, 34, 37, 26, 33, 25, 30, 15, 22, 23, 33, 22, 15, 29, 40]"
127,"[0, 18, 21, 32, 33, 11, 25, 13, 30, 36, 13, 11, 16, 15, 17, 21, 25, 34, 18, 40, 17, 23, 17, 17, 23, 24, 31, 39, 33, 14, 16, 20, 14, 13, 15, 36, 27, 23, 30, 15, 16, 29, 29, 32, 28, 37, 25, 24, 28, 36]"
128,"[0, 11, 21, 28, 20, 33, 40, 31, 32, 20, 21, 31, 21, 17, 19, 39, 16, 23, 37, 36, 30, 31, 19, 9, 29, 31, 34, 33, 15, 23, 25, 31, 17, 38, 31, 33, 21, 15, 26, 32, 26, 37, 14, 18, 17, 31, 39, 24, 23, 25]"
129,"[0, 7, 23, 24, 24, 28, 16, 26, 29, 26, 23, 22, 21, 22, 22, 20, 25, 24, 18, 28, 41, 35, 22, 24, 32, 29, 26, 21, 15, 31, 24, 20, 20, 13, 23, 17, 19, 17, 39, 34, 31, 31, 28, 21, 21, 35, 36, 11, 31, 25]"
130,"[0, 6, 30, 36, 22, 30, 28, 33, 23, 31, 37, 26, 38, 21, 28, 38, 29, 26, 31, 25, 20, 31, 32, 31, 20, 31, 33, 24, 29, 21, 25, 27, 39, 23, 19, 35, 19, 24, 30, 26, 17, 22, 37, 13, 36, 36, 18, 30, 27, 35]"
131,"[0, 16, 12, 33, 9, 12, 31, 19, 27, 35, 29, 23, 17, 34, 34, 12, 12, 30, 30, 28, 28, 10, 17, 26, 25, 30, 34, 23, 18, 18, 15, 22, 24, 27, 34, 17, 30, 13, 25, 14, 21, 21, 17, 27, 22, 21, 30, 22, 26, 26]"
132,"[0, 7, 30, 24, 22, 38, 35, 22, 32, 29, 26, 31, 36, 37, 23, 35, 25, 18, 32, 11, 14, 16, 19, 19, 18, 31, 22, 29, 17, 14, 34, 26, 15, 26, 35, 34, 31, 23, 17, 23, 27, 29, 20, 25, 28, 29, 15, 14, 21, 27]"
133,"[0, 16, 34, 25, 32, 19, 33, 21, 15, 27, 22, 29, 28, 25, 20, 12, 16, 17, 30, 21, 38, 35, 16, 14, 15, 21, 23, 17, 35, 25, 26, 20, 31, 26, 18, 31, 28, 32, 18, 14, 29, 30, 25, 35, 16, 20, 35, 27, 38, 27]"
134,"[0, 3, 15, 22, 19, 28, 21, 15, 21, 18, 34, 21, 24, 20, 38, 15, 21, 17, 20, 30, 23, 32, 36, 23, 11, 32, 11, 10, 24, 18, 26, 21, 32, 23, 24, 25, 18, 22, 16, 37, 27, 25, 27, 22, 12, 13, 19, 28, 25, 30]"
135,"[0, 12, 9, 22, 24, 27, 19, 25, 22, 18, 9, 10, 21, 21, 24, 33, 32, 34, 15, 32, 20, 29, 28, 30, 32, 25, 36, 31, 33, 14, 17, 19, 21, 28, 36, 9, 19, 31, 28, 31, 11, 31, 42, 28, 25, 27, 25, 30, 33, 11]"
136,"[0, 19, 33, 20, 38, 21, 28, 22, 28, 13, 25, 30, 26, 11, 25, 23, 29, 21, 32, 25, 31, 18, 28, 42, 26, 32, 19, 27, 25, 27, 21, 21, 27, 24, 35, 24, 24, 27, 28, 22, 25, 29, 26, 30, 18, 32, 27, 39, 24, 28]"
137,"[0, 16, 24, 24, 27, 34, 16, 18, 26, 13, 12, 15, 23, 37, 14, 33, 13, 10, 21, 38, 11, 24, 31, 29, 23, 33, 30, 27, 24, 25, 25, 21, 28, 21, 40, 30, 24, 13, 32, 19, 24, 29, 15, 28, 17, 16, 28, 34, 19, 14]"
138,"[0, 1, 24, 23, 32, 22, 29, 20, 19, 12, 24, 16, 20, 26, 32, 16, 27, 20, 21, 20, 15, 24, 15, 28, 30, 32, 32, 23, 25, 23, 21, 31, 10, 37, 26, 32, 24, 24, 29, 16, 28, 19, 17, 25, 22, 18, 33, 31, 27, 16]"
139,"[0, 11, 12, 33, 20, 33, 39, 27, 23, 30, 21, 30, 19, 18, 21, 25, 29, 25, 14, 23, 33, 10, 30, 23, 28, 26, 25, 29, 11, 34, 26, 19, 23, 27, 31, 28, 34, 18, 29, 29, 30, 33, 30, 14, 24, 23, 23, 18, 43, 14]"
140,"[0, 7, 14, 26, 22, 26, 12, 33, 27, 23, 21, 25, 19, 23, 15, 11, 21, 16, 17, 22, 25, 27, 39, 34, 17, 13, 27, 20, 21, 33, 22, 15, 26, 34, 17, 32, 23, 16, 32, 30, 21, 18, 26, 27, 29, 29, 29, 28, 31, 22]"
141,"[0, 11, 13, 22, 31, 36, 30, 19, 29, 33, 24, 30, 17, 31, 18, 23, 28, 33, 22, 32, 41, 31, 17, 15, 16, 17, 29, 22, 21, 31, 25, 29, 30, 29, 22, 32, 14, 35, 30, 39, 16, 24, 32, 34, 15, 43, 21, 25, 29, 27]"
142,"[0, 7, 26, 17, 13, 33, 25, 22, 28, 18, 9, 43, 28, 29, 20, 32, 30, 32, 22, 32, 25, 14, 18, 21, 27, 20, 24, 18, 28, 15, 19, 18, 41, 32, 16, 15, 17, 37, 26, 37, 36, 33, 16, 25, 29, 29, 17, 24, 17, 36]"
143,"[0, 11, 19, 31, 31, 25, 33, 21, 23, 11, 18, 26, 22, 32, 25, 25, 35, 37, 35, 16, 24, 38, 29, 27, 18, 28, 20, 27, 19, 23, 27, 32, 18, 25, 17, 33, 23, 35, 29, 27, 27, 29, 26, 11, 38, 31, 24, 30, 36, 12]"
144,"[0, 6, 13, 22, 29, 38, 17, 35, 28, 23, 9, 23, 23, 15, 16, 31, 35, 35, 34, 38, 23, 25, 25, 38, 10, 17, 32, 17, 20, 29, 21, 23, 18, 11, 27, 21, 38, 28, 21, 15, 16, 28, 29, 22, 14, 16, 21, 21, 22, 32]"
145,"[0, 17, 16, 27, 28, 27, 33, 20, 25, 12, 18, 21, 24, 23, 27, 32, 38, 22, 25, 21, 31, 35, 37, 22, 36, 29, 19, 24, 21, 20, 24, 32, 26, 19, 29, 38, 19, 29, 41, 10, 20, 25, 37, 13, 36, 33, 29, 30, 39, 40]"
146,"[0, 0, 12, 34, 28, 24, 33, 16, 12, 26, 24, 9, 18, 32, 27, 22, 17, 30, 28, 20, 31, 26, 27, 20, 21, 32, 26, 21, 31, 23, 23, 26, 34, 22, 14, 27, 21, 41, 30, 21, 29, 25, 23, 35, 22, 15, 25, 25, 33, 26]"
147,"[0, 10, 32, 17, 15, 32, 18, 28, 21, 15, 33, 25, 16, 23, 29, 33, 22, 34, 24, 38, 33, 19, 27, 33, 28, 25, 32, 21, 32, 24, 30, 30, 17, 25, 35, 30, 27, 30, 36, 21, 17, 16, 19, 10, 18, 15, 20, 20, 31, 22]"
148,"[0, 14, 25, 36, 25, 22, 30, 23, 22, 34, 20, 36, 33, 14, 29, 28, 39, 34, 11, 30, 35, 16, 26, 31, 17, 24, 20, 27, 25, 26, 31, 16, 32, 35, 28, 27, 22, 10, 27, 20, 22, 20, 14, 14, 14, 10, 38, 13, 14, 22]"
149,"[0, 0, 19, 29, 17, 13, 28, 15, 44, 36, 36, 33, 28, 46, 31, 42, 37, 23, 18, 25, 37, 26, 30, 19, 30, 34, 15, 18, 24, 30, 20, 33, 25, 19, 40, 44, 31, 35, 25, 16, 28, 16, 9, 12, 35, 21, 26, 38, 20, 28]"
150,"[0, 16, 21, 33, 28, 20, 21, 42, 15, 34, 19, 31, 35, 25, 27, 42, 12, 32, 20, 34, 25, 16, 25, 25, 34, 49, 31, 20, 28, 30, 30, 31, 28, 37, 30, 25, 39, 21, 34, 39, 17, 19, 24, 23, 31, 34, 29, 19, 28, 27]"
151,"[0, 8, 6, 23, 35, 23, 19, 21, 30, 25, 24, 17, 21, 22, 31, 21, 24, 26, 22, 21, 22, 36, 21, 22, 35, 20, 34, 32, 27, 26, 35, 22, 10, 33, 35, 22, 22, 31, 41, 32, 36, 12, 12, 26, 18, 18, 10, 25, 29, 18]"
152,"[0, 9, 8, 31, 17, 22, 12, 31, 30, 22, 28, 29, 21, 16, 27, 25, 16, 14, 17, 16, 34, 36, 32, 32, 35, 24, 11, 16, 25, 17, 20, 27, 25, 23, 26, 28, 17, 31, 28, 29, 34, 32, 36, 28, 30, 17, 15, 25, 29, 20]"
153,"[0, 6, 29, 32, 39, 24, 29, 10, 32, 14, 24, 21, 18, 19, 29, 30, 25, 22, 23, 25, 15, 29, 14, 33, 30, 25, 17, 28, 22, 29, 19, 23, 22, 27, 37, 20, 28, 36, 35, 17, 22, 25, 22, 22, 23, 35, 23, 26, 31, 16]"
154,"[0, 15, 15, 23, 21, 25, 20, 23, 22, 15, 35, 20, 31, 24, 25, 20, 15, 33, 19, 37, 13, 20, 26, 12, 23, 14, 36, 24, 20, 20, 21, 35, 10, 26, 20, 36, 31, 29, 38, 21, 24, 17, 18, 26, 22, 26, 28, 19, 16, 19]"
155,"[0, 20, 27, 14, 14, 22, 25, 16, 17, 9, 33, 20, 16, 16, 25, 32, 37, 13, 21, 15, 40, 13, 20, 34, 22, 33, 12, 23, 19, 31, 34, 22, 29, 32, 37, 20, 26, 19, 12, 28, 8, 19, 44, 30, 38, 10, 18, 31, 23, 30]"
156,"[0, 20, 16, 24, 29, 26, 32, 35, 18, 15, 26, 19, 28, 14, 30, 36, 29, 27, 20, 24, 21, 22, 23, 13, 20, 32, 27, 27, 18, 26, 22, 34, 19, 25, 27, 27, 16, 18, 25, 17, 31, 32, 36, 33, 13, 25, 22, 32, 13, 13]"
157,"[0, 18, 41, 18, 33, 44, 33, 23, 34, 22, 21, 19, 22, 39, 32, 42, 21, 30, 33, 36, 22, 24, 36, 40, 28, 26, 19, 16, 13, 22, 22, 24, 24, 34, 32, 19, 21, 37, 27, 38, 24, 29, 36, 18, 35, 22, 35, 17, 15, 25]"
158,"[0, 17, 28, 29, 27, 33, 12, 27, 22, 27, 20, 21, 29, 29, 19, 21, 34, 29, 35, 29, 29, 31, 37, 34, 37, 35, 31, 32, 20, 10, 18, 22, 28, 15, 17, 24, 29, 29, 18, 25, 36, 26, 31, 25, 20, 29, 30, 15, 21, 39]"
159,"[0, 15, 20, 14, 30, 25, 26, 15, 13, 21, 12, 28, 21, 19, 15, 32, 22, 31, 12, 26, 28, 18, 31, 25, 34, 38, 33, 19, 26, 24, 22, 18, 20, 15, 19, 18, 9, 24, 30, 28, 26, 30, 25, 10, 20, 39, 39, 21, 27, 19]"
160,"[0, 9, 13, 26, 27, 20, 25, 19, 18, 18, 36, 29, 23, 30, 23, 37, 31, 18, 37, 32, 12, 14, 14, 26, 36, 15, 34, 37, 26, 39, 17, 14, 18, 36, 23, 22, 19, 10, 19, 23, 26, 25, 20, 34, 35, 33, 39, 19, 30, 25]"
161,"[0, 16, 4, 19, 23, 23, 14, 21, 32, 18, 27, 35, 31, 34, 30, 32, 22, 23, 21, 11, 9, 22, 27, 25, 28, 32, 22, 36, 22, 29, 29, 8, 27, 23, 24, 29, 14, 33, 39, 29, 26, 18, 26, 23, 29, 30, 29, 27, 28, 24]"
162,"[0, 5, 27, 27, 27, 24, 25, 43, 24, 11, 32, 16, 34, 10, 32, 35, 32, 39, 22, 17, 28, 37, 19, 13, 21, 31, 35, 35, 36, 29, 26, 28, 24, 27, 22, 32, 38, 37, 30, 34, 22, 31, 25, 32, 22, 35, 17, 22, 23, 25]"
163,"[0, 5, 13, 35, 34, 30, 32, 15, 34, 24, 29, 30, 23, 15, 41, 24, 31, 32, 25, 31, 31, 20, 24, 29, 19, 26, 24, 25, 23, 38, 35, 29, 21, 30, 28, 30, 23, 29, 26, 32, 43, 22, 15, 21, 29, 23, 30, 25, 38, 26]"
164,"[0, 1, 33, 30, 17, 35, 23, 34, 34, 33, 27, 21, 23, 35, 24, 13, 35, 24, 17, 17, 17, 39, 28, 21, 33, 26, 19, 36, 25, 19, 19, 31, 28, 29, 38, 14, 34, 22, 28, 37, 21, 16, 21, 39, 24, 14, 27, 19, 37, 24]"
165,"[0, 12, 23, 26, 28, 33, 29, 35, 28, 32, 36, 39, 35, 16, 8, 27, 19, 28, 12, 18, 27, 26, 34, 27, 15, 24, 29, 15, 31, 20, 39, 15, 15, 42, 28, 22, 17, 27, 16, 19, 34, 29, 21, 20, 27, 19, 14, 39, 29, 19]"
166,"[0, 7, 18, 34, 37, 18, 35, 31, 20, 28, 19, 31, 13, 17, 29, 25, 30, 24, 19, 24, 20, 38, 29, 23, 19, 25, 38, 35, 30, 25, 25, 28, 34, 26, 28, 16, 9, 23, 26, 20, 28, 22, 32, 43, 18, 22, 27, 33, 25, 12]"
167,"[0, 19, 20, 27, 34, 23, 24, 14, 22, 22, 36, 27, 12, 46, 33, 17, 12, 22, 20, 21, 37, 20, 23, 15, 20, 14, 23, 32, 36, 19, 20, 32, 26, 21, 22, 20, 27, 25, 23, 16, 38, 11, 26, 25, 22, 25, 32, 20, 27, 10]"
168,"[0, 10, 23, 31, 14, 15, 22, 15, 38, 24, 28, 12, 29, 29, 26, 21, 21, 21, 35, 36, 25, 27, 22, 37, 19, 26, 26, 12, 28, 25, 22, 28, 18, 34, 23, 24, 25, 33, 7, 20, 35, 38, 16, 34, 35, 28, 19, 17, 10, 27]"
169,"[0, 6, 24, 23, 16, 24, 22, 34, 27, 17, 28, 26, 17, 24, 21, 15, 22, 35, 22, 17, 23, 21, 37, 30, 34, 26, 19, 13, 26, 32, 31, 19, 37, 11, 38, 21, 31, 11, 33, 23, 24, 30, 29, 31, 18, 24, 27, 27, 13, 18]"
170,"[0, 10, 18, 27, 33, 20, 16, 28, 21, 23, 26, 18, 24, 21, 22, 12, 15, 30, 16, 29, 19, 39, 31, 28, 21, 30, 26, 34, 13, 21, 20, 26, 17, 25, 30, 26, 24, 24, 8, 27, 30, 29, 30, 27, 29, 25, 23, 14, 27, 12]"
171,"[0, 12, 22, 31, 24, 26, 20, 20, 14, 29, 13, 26, 6, 37, 26, 27, 27, 18, 34, 22, 25, 32, 27, 29, 27, 28, 36, 23, 32, 28, 22, 27, 16, 30, 36, 19, 20, 31, 19, 19, 23, 36, 26, 22, 36, 32, 24, 25, 19, 21]"
172,"[0, 14, 24, 27, 32, 29, 20, 29, 27, 32, 18, 26, 22, 35, 27, 23, 23, 19, 23, 24, 29, 18, 19, 22, 28, 24, 34, 33, 35, 43, 28, 36, 28, 14, 24, 32, 14, 17, 23, 15, 32, 15, 26, 26, 36, 18, 26, 21, 22, 16]"
173,"[0, 1, 28, 23, 21, 9, 39, 14, 27, 29, 12, 24, 27, 28, 21, 27, 9, 21, 14, 21, 16, 17, 12, 19, 12, 17, 26, 29, 25, 36, 21, 18, 30, 33, 24, 17, 22, 32, 15, 28, 34, 24, 22, 19, 26, 30, 29, 35, 25, 28]"
174,"[0, 2, 17, 30, 22, 22, 22, 22, 31, 26, 34, 32, 28, 25, 42, 21, 29, 14, 32, 32, 15, 34, 19, 24, 22, 24, 35, 31, 18, 23, 24, 13, 17, 27, 29, 13, 34, 33, 15, 12, 30, 23, 34, 32, 26, 19, 32, 15, 21, 27]"
175,"[0, 0, 12, 30, 37, 24, 25, 38, 31, 19, 26, 14, 26, 36, 30, 29, 27, 23, 28, 21, 35, 16, 34, 30, 27, 25, 20, 26, 28, 22, 27, 40, 35, 22, 33, 17, 28, 13, 23, 29, 19, 17, 26, 31, 27, 13, 13, 19, 41, 19]"
176,"[0, 8, 12, 25, 14, 32, 16, 27, 35, 26, 34, 15, 29, 26, 23, 20, 29, 19, 32, 25, 16, 26, 20, 30, 25, 23, 16, 26, 34, 24, 29, 34, 24, 23, 23, 27, 24, 30, 25, 41, 25, 17, 37, 19, 24, 31, 13, 17, 26, 24]"
177,"[0, 6, 31, 21, 23, 30, 27, 32, 20, 34, 20, 23, 24, 30, 20, 25, 33, 33, 29, 18, 16, 12, 18, 20, 39, 21, 42, 29, 35, 18, 17, 30, 32, 25, 26, 24, 31, 21, 36, 26, 34, 15, 28, 30, 31, 37, 18, 29, 29, 35]"
178,"[0, 4, 28, 38, 41, 17, 24, 29, 14, 24, 13, 24, 12, 23, 26, 22, 30, 30, 16, 30, 16, 31, 20, 24, 27, 29, 24, 29, 30, 18, 23, 21, 28, 30, 21, 41, 37, 22, 16, 19, 17, 31, 31, 34, 31, 32, 38, 36, 32, 11]"
179,"[0, 12, 14, 33, 21, 41, 28, 15, 11, 12, 16, 36, 16, 22, 25, 25, 26, 19, 37, 24, 37, 19, 33, 29, 36, 14, 32, 32, 21, 35, 29, 36, 34, 24, 28, 23, 24, 24, 27, 30, 8, 24, 19, 19, 24, 25, 36, 31, 20, 34]"
180,"[0, 12, 26, 39, 30, 22, 14, 25, 17, 30, 28, 16, 29, 16, 29, 35, 17, 32, 24, 20, 24, 34, 20, 22, 20, 23, 14, 39, 34, 28, 33, 34, 31, 27, 40, 24, 27, 38, 19, 24, 15, 13, 20, 26, 21, 34, 16, 27, 26, 30]"
181,"[0, 15, 20, 26, 19, 22, 21, 33, 33, 17, 39, 24, 16, 24, 30, 25, 26, 28, 33, 12, 39, 18, 8, 39, 31, 18, 32, 24, 21, 24, 36, 26, 17, 29, 41, 26, 21, 23, 24, 20, 17, 17, 11, 33, 25, 35, 23, 14, 33, 27]"
182,"[0, 15, 26, 17, 15, 20, 34, 25, 26, 16, 14, 30, 23, 34, 31, 30, 19, 21, 22, 26, 14, 12, 17, 29, 27, 32, 12, 25, 25, 16, 24, 34, 24, 28, 12, 11, 34, 24, 7, 15, 28, 20, 18, 15, 19, 28, 24, 35, 29, 25]"
183,"[0, 18, 24, 32, 29, 34, 22, 33, 32, 22, 17, 38, 30, 28, 13, 25, 26, 21, 21, 38, 33, 30, 36, 20, 20, 28, 25, 11, 16, 23, 23, 18, 24, 20, 25, 27, 13, 19, 22, 30, 29, 22, 18, 26, 28, 19, 30, 36, 34, 35]"
184,"[0, 11, 12, 34, 31, 19, 36, 25, 19, 15, 33, 35, 37, 18, 15, 34, 19, 24, 15, 41, 18, 30, 31, 21, 36, 28, 28, 30, 33, 32, 27, 26, 15, 30, 49, 29, 27, 13, 26, 15, 26, 25, 35, 18, 13, 30, 40, 21, 30, 29]"
185,"[0, 5, 22, 33, 17, 34, 25, 16, 12, 27, 28, 33, 24, 23, 31, 21, 27, 27, 26, 25, 24, 13, 22, 22, 21, 31, 29, 15, 31, 20, 31, 28, 21, 35, 20, 21, 21, 31, 30, 18, 16, 18, 21, 32, 35, 27, 25, 27, 31, 14]"
186,"[0, 14, 14, 30, 12, 31, 16, 19, 16, 34, 26, 31, 15, 32, 28, 16, 26, 24, 29, 28, 26, 17, 20, 30, 18, 18, 33, 17, 16, 14, 21, 12, 30, 29, 17, 33, 12, 24, 30, 15, 24, 11, 36, 24, 22, 17, 29, 17, 13, 22]"
187,"[0, 6, 27, 20, 26, 31, 25, 26, 31, 19, 22, 34, 15, 27, 17, 15, 28, 34, 23, 31, 31, 14, 38, 27, 27, 21, 21, 31, 28, 25, 22, 24, 15, 23, 22, 10, 26, 39, 13, 26, 10, 33, 12, 21, 23, 23, 33, 15, 32, 19]"
188,"[0, 15, 29, 33, 15, 26, 29, 30, 39, 28, 26, 15, 13, 19, 32, 27, 20, 17, 27, 23, 18, 12, 34, 24, 26, 21, 25, 25, 12, 30, 22, 22, 33, 23, 18, 22, 15, 15, 24, 31, 16, 28, 23, 20, 17, 26, 24, 31, 20, 25]"
189,"[0, 3, 16, 21, 23, 33, 31, 22, 33, 35, 22, 24, 30, 23, 14, 20, 19, 30, 15, 18, 14, 28, 19, 30, 33, 24, 20, 25, 31, 13, 22, 18, 24, 9, 24, 35, 20, 31, 22, 21, 14, 17, 16, 28, 32, 29, 30, 25, 19, 31]"
190,"[0, 1, 18, 10, 30, 33, 25, 15, 27, 17, 24, 11, 29, 21, 25, 33, 9, 24, 29, 24, 27, 18, 28, 32, 24, 22, 22, 42, 37, 23, 30, 17, 14, 31, 16, 25, 35, 35, 26, 25, 33, 14, 26, 27, 34, 34, 24, 28, 31, 22]"
191,"[0, 4, 12, 28, 22, 26, 26, 27, 27, 8, 29, 23, 16, 31, 24, 24, 32, 24, 24, 20, 30, 28, 18, 18, 18, 19, 24, 29, 26, 35, 22, 21, 28, 15, 36, 19, 9, 29, 32, 40, 31, 38, 19, 17, 16, 17, 25, 14, 25, 26]"
192,"[0, 17, 20, 16, 20, 40, 17, 18, 21, 37, 35, 24, 37, 19, 9, 23, 32, 38, 26, 15, 31, 25, 27, 26, 35, 40, 36, 26, 31, 33, 25, 36, 12, 26, 39, 19, 20, 29, 34, 25, 27, 30, 22, 28, 25, 23, 15, 20, 11, 18]"
193,"[0, 1, 17, 24, 30, 16, 23, 37, 27, 30, 34, 17, 24, 15, 36, 15, 34, 20, 38, 18, 24, 30, 31, 30, 19, 40, 25, 23, 31, 27, 30, 21, 29, 17, 25, 24, 32, 18, 15, 32, 31, 26, 13, 26, 30, 18, 30, 14, 29, 23]"
194,"[0, 5, 19, 27, 34, 28, 26, 33, 34, 28, 18, 32, 27, 28, 20, 13, 21, 37, 25, 26, 14, 39, 7, 17, 31, 38, 21, 34, 14, 28, 28, 12, 25, 34, 20, 22, 40, 12, 35, 29, 22, 23, 20, 21, 24, 39, 18, 28, 20, 21]"
195,"[0, 13, 19, 24, 30, 24, 22, 24, 37, 37, 38, 35, 27, 26, 26, 14, 30, 27, 38, 26, 31, 29, 30, 27, 31, 14, 19, 29, 28, 24, 23, 35, 18, 18, 23, 24, 33, 33, 21, 26, 41, 27, 37, 44, 31, 11, 25, 31, 35, 37]"
196,"[0, 9, 24, 32, 25, 24, 15, 22, 34, 39, 31, 16, 21, 29, 25, 21, 37, 29, 30, 26, 19, 30, 24, 30, 23, 30, 18, 34, 15, 35, 30, 25, 24, 22, 30, 15, 36, 39, 15, 29, 24, 29, 16, 28, 20, 11, 28, 24, 13, 17]"
197,"[0, 15, 24, 32, 28, 15, 19, 32, 30, 36, 23, 12, 11, 32, 26, 29, 28, 9, 24, 26, 30, 20, 25, 21, 30, 33, 27, 38, 24, 20, 11, 14, 15, 14, 15, 25, 20, 27, 31, 25, 31, 35, 30, 19, 25, 23, 21, 26, 38, 25]"
198,"[0, 13, 22, 13, 28, 21, 32, 30, 25, 18, 31, 18, 33, 28, 19, 38, 33, 34, 12, 11, 18, 32, 31, 36, 33, 41, 29, 19, 22, 34, 11, 21, 35, 25, 25, 27, 23, 31, 24, 25, 15, 22, 29, 18, 19, 15, 11, 28, 11, 23]"
199,"[0, 17, 9, 17, 22, 27, 25, 14, 25, 10, 11, 38, 17, 38, 28, 32, 12, 27, 9, 30, 20, 15, 28, 18, 24, 24, 28, 18, 27, 15, 31, 34, 13, 35, 16, 18, 11, 19, 20, 17, 22, 35, 24, 24, 16, 16, 25, 20, 38, 31]"
200,"[0, 0, 16, 21, 33, 23, 34, 13, 27, 19, 28, 24, 10, 24, 39, 35, 26, 30, 26, 20, 28, 32, 29, 25, 26, 27, 13, 33, 26, 17, 15, 14, 32, 22, 23, 23, 15, 29, 31, 31, 29, 34, 25, 28, 29, 29, 20, 32, 35, 34]"
201,"[0, 3, 16, 32, 37, 32, 22, 33, 23, 30, 29, 25, 28, 30, 27, 26, 39, 30, 16, 28, 14, 26, 31, 24, 21, 17, 33, 23, 23, 28, 17, 18, 25, 21, 34, 24, 37, 16, 18, 26, 29, 20, 27, 28, 29, 28, 26, 19, 29, 30]"
202,"[0, 19, 24, 25, 31, 35, 18, 13, 26, 12, 36, 29, 26, 20, 15, 31, 29, 32, 20, 12, 25, 7, 32, 22, 11, 18, 20, 30, 27, 17, 45, 21, 23, 33, 25, 16, 19, 21, 20, 32, 34, 27, 22, 22, 25, 31, 29, 35, 37, 23]"
203,"[0, 15, 15, 24, 33, 20, 20, 15, 19, 32, 46, 28, 33, 16, 32, 21, 20, 36, 15, 18, 10, 24, 19, 24, 23, 14, 32, 28, 17, 24, 15, 30, 24, 28, 14, 16, 32, 33, 29, 28, 27, 32, 21, 26, 30, 29, 39, 33, 25, 14]"
204,"[0, 8, 13, 24, 29, 17, 17, 22, 31, 31, 26, 26, 22, 31, 37, 33, 32, 42, 23, 26, 38, 23, 13, 21, 34, 25, 25, 22, 31, 22, 43, 18, 24, 17, 24, 22, 23, 22, 16, 9, 25, 14, 33, 26, 26, 29, 35, 20, 16, 29]"
205,"[0, 0, 20, 25, 22, 14, 19, 27, 24, 27, 32, 27, 23, 32, 35, 29, 16, 25, 40, 25, 21, 20, 22, 30, 26, 33, 31, 30, 32, 37, 12, 32, 28, 19, 34, 33, 19, 14, 27, 13, 36, 34, 29, 34, 30, 38, 35, 27, 36, 19]"
206,"[0, 11, 14, 24, 30, 19, 21, 15, 33, 39, 33, 37, 27, 38, 29, 27, 27, 27, 25, 17, 25, 18, 32, 37, 37, 25, 26, 26, 24, 31, 31, 23, 35, 39, 23, 31, 24, 22, 24, 31, 25, 30, 26, 16, 33, 22, 28, 29, 38, 33]"
207,"[0, 7, 18, 14, 16, 24, 28, 14, 16, 20, 33, 21, 26, 27, 36, 33, 13, 36, 31, 24, 15, 27, 24, 30, 14, 43, 31, 23, 14, 27, 39, 27, 17, 18, 36, 24, 17, 26, 19, 23, 21, 24, 19, 18, 35, 27, 15, 33, 30, 34]"
208,"[0, 5, 18, 25, 17, 19, 25, 23, 22, 25, 22, 21, 22, 31, 22, 33, 38, 33, 29, 23, 11, 20, 32, 26, 38, 37, 40, 33, 14, 17, 37, 27, 21, 20, 17, 24, 28, 26, 28, 31, 17, 29, 35, 24, 19, 24, 30, 24, 40, 25]"
209,"[0, 19, 20, 26, 19, 22, 16, 25, 17, 33, 18, 25, 28, 19, 31, 19, 24, 32, 34, 14, 18, 18, 27, 25, 23, 42, 29, 22, 27, 39, 27, 17, 32, 32, 35, 28, 38, 31, 35, 21, 33, 16, 38, 14, 34, 38, 27, 39, 18, 28]"
210,"[0, 4, 31, 40, 42, 22, 8, 29, 13, 22, 26, 25, 14, 25, 24, 34, 29, 19, 25, 19, 28, 20, 25, 29, 36, 35, 24, 22, 20, 31, 19, 38, 13, 22, 29, 22, 27, 33, 28, 29, 28, 32, 33, 35, 35, 20, 24, 30, 29, 30]"
211,"[0, 17, 31, 24, 26, 24, 14, 23, 22, 35, 22, 23, 17, 15, 24, 17, 24, 31, 24, 20, 34, 17, 23, 27, 40, 37, 31, 43, 31, 30, 17, 29, 34, 24, 24, 12, 19, 18, 18, 12, 17, 27, 34, 32, 27, 29, 17, 29, 34, 30]"
212,"[0, 11, 11, 33, 24, 26, 38, 19, 27, 36, 22, 28, 25, 31, 13, 24, 21, 10, 33, 36, 9, 18, 16, 17, 27, 31, 31, 20, 31, 23, 17, 13, 27, 22, 17, 30, 31, 36, 30, 28, 13, 29, 18, 31, 24, 25, 26, 16, 32, 27]"
213,"[0, 2, 22, 29, 10, 36, 36, 31, 32, 34, 26, 31, 32, 17, 26, 25, 14, 36, 25, 39, 19, 25, 20, 32, 17, 33, 18, 31, 32, 26, 15, 10, 39, 24, 16, 19, 25, 37, 29, 16, 26, 33, 30, 29, 15, 27, 22, 26, 26, 37]"
214,"[0, 7, 18, 20, 22, 20, 28, 20, 38, 23, 32, 27, 14, 16, 26, 27, 35, 38, 34, 34, 21, 20, 37, 20, 15, 36, 27, 17, 26, 11, 12, 40, 33, 17, 24, 25, 26, 21, 21, 27, 11, 31, 26, 23, 24, 15, 24, 32, 30, 28]"
215,"[0, 15, 11, 29, 11, 30, 27, 34, 17, 30, 31, 23, 24, 28, 25, 33, 25, 18, 27, 29, 20, 30, 18, 20, 28, 27, 29, 28, 28, 11, 18, 30, 17, 16, 21, 29, 33, 23, 24, 11, 14, 16, 29, 14, 26, 24, 27, 26, 36, 19]"
216,"[0, 7, 13, 22, 28, 30, 30, 21, 22, 26, 14, 31, 34, 36, 20, 17, 21, 19, 25, 20, 12, 24, 34, 33, 21, 28, 29, 25, 23, 17, 20, 24, 30, 21, 22, 15, 27, 14, 36, 13, 13, 20, 8, 30, 21, 20, 21, 31, 17, 35]"
217,"[0, 10, 35, 39, 17, 13, 24, 33, 25, 22, 19, 30, 23, 29, 20, 32, 25, 29, 23, 19, 14, 43, 37, 31, 36, 26, 21, 29, 36, 22, 25, 27, 21, 35, 25, 32, 22, 26, 23, 19, 33, 17, 17, 35, 11, 15, 22, 22, 16, 28]"
218,"[0, 13, 21, 25, 15, 29, 33, 32, 19, 13, 26, 20, 34, 21, 24, 31, 20, 19, 14, 30, 30, 26, 39, 31, 38, 33, 23, 22, 24, 29, 22, 25, 19, 25, 21, 19, 20, 32, 28, 30, 39, 14, 36, 18, 26, 28, 20, 33, 18, 31]"
219,"[0, 10, 14, 14, 31, 29, 35, 26, 24, 25, 19, 21, 34, 30, 24, 13, 40, 9, 39, 21, 29, 36, 32, 22, 21, 15, 33, 32, 25, 14, 23, 22, 28, 34, 18, 25, 24, 39, 34, 33, 22, 33, 39, 19, 18, 14, 12, 11, 27, 24]"
220,"[0, 12, 26, 20, 17, 20, 23, 15, 40, 23, 26, 32, 25, 14, 23, 22, 32, 33, 26, 33, 27, 19, 19, 33, 18, 28, 23, 36, 19, 19, 24, 24, 39, 33, 14, 25, 21, 22, 32, 15, 28, 29, 17, 22, 23, 30, 24, 27, 23, 32]"
221,"[0, 13, 37, 36, 30, 30, 21, 35, 27, 27, 29, 26, 31, 14, 24, 25, 33, 22, 24, 33, 22, 31, 25, 28, 24, 26, 25, 25, 25, 30, 29, 27, 29, 37, 46, 35, 29, 35, 22, 32, 20, 23, 27, 48, 26, 34, 47, 25, 18, 34]"
222,"[0, 15, 34, 38, 31, 16, 26, 28, 21, 34, 14, 35, 22, 17, 25, 21, 20, 21, 23, 31, 35, 26, 22, 28, 32, 27, 23, 25, 17, 18, 27, 17, 26, 32, 24, 15, 17, 17, 28, 21, 35, 18, 33, 27, 31, 18, 37, 28, 18, 30]"
223,"[0, 8, 24, 28, 23, 26, 38, 22, 31, 35, 29, 32, 24, 18, 20, 28, 33, 23, 15, 29, 32, 22, 19, 33, 23, 31, 29, 22, 15, 23, 35, 33, 24, 30, 18, 35, 13, 16, 22, 22, 37, 23, 41, 35, 22, 17, 35, 30, 38, 29]"
224,"[0, 2, 17, 32, 9, 32, 31, 34, 26, 13, 19, 28, 24, 22, 15, 13, 30, 28, 24, 23, 16, 33, 14, 21, 15, 18, 11, 34, 21, 7, 28, 24, 16, 27, 30, 27, 34, 15, 19, 30, 18, 36, 37, 17, 24, 25, 34, 27, 32, 23]"
225,"[0, 10, 17, 18, 23, 31, 40, 28, 25, 20, 29, 38, 31, 33, 26, 31, 26, 26, 19, 31, 31, 32, 27, 35, 21, 20, 20, 21, 14, 32, 28, 36, 24, 24, 30, 23, 18, 26, 22, 19, 28, 33, 22, 34, 16, 32, 32, 31, 27, 32]"
226,"[0, 9, 11, 25, 24, 25, 28, 18, 29, 26, 32, 20, 9, 24, 28, 39, 27, 24, 27, 14, 14, 35, 28, 33, 22, 29, 32, 11, 20, 22, 17, 33, 26, 25, 26, 23, 34, 23, 14, 25, 29, 19, 26, 32, 27, 35, 37, 27, 17, 20]"
227,"[0, 0, 22, 31, 21, 17, 21, 26, 26, 16, 26, 20, 29, 26, 38, 30, 44, 31, 16, 35, 35, 29, 21, 25, 23, 17, 33, 30, 35, 15, 22, 14, 30, 34, 21, 22, 23, 11, 18, 38, 25, 39, 31, 19, 40, 33, 20, 38, 35, 16]"
228,"[0, 3, 20, 21, 23, 12, 27, 12, 33, 38, 9, 22, 14, 25, 15, 30, 29, 14, 32, 14, 11, 14, 23, 19, 28, 21, 22, 12, 15, 33, 14, 22, 22, 29, 18, 21, 16, 29, 27, 12, 33, 26, 29, 26, 27, 38, 38, 24, 27, 22]"
229,"[0, 0, 24, 16, 22, 37, 12, 27, 7, 23, 25, 23, 18, 14, 27, 30, 19, 22, 18, 32, 30, 28, 35, 28, 31, 32, 22, 19, 10, 25, 18, 35, 18, 28, 28, 31, 40, 38, 20, 20, 23, 29, 29, 33, 38, 36, 25, 37, 18, 26]"
230,"[0, 6, 20, 18, 32, 15, 22, 19, 40, 27, 27, 19, 23, 10, 16, 18, 27, 34, 31, 35, 24, 28, 34, 34, 19, 41, 22, 20, 16, 15, 14, 15, 37, 36, 26, 32, 29, 26, 26, 17, 27, 27, 32, 23, 34, 19, 28, 14, 34, 18]"
231,"[0, 7, 16, 18, 28, 17, 21, 28, 38, 15, 20, 17, 21, 25, 27, 13, 20, 30, 32, 34, 28, 35, 26, 30, 33, 34, 34, 30, 22, 25, 13, 33, 16, 14, 21, 27, 10, 17, 30, 18, 19, 21, 18, 24, 31, 12, 26, 23, 24, 35]"
232,"[0, 19, 18, 30, 13, 16, 30, 31, 13, 32, 26, 22, 24, 30, 36, 36, 34, 14, 36, 29, 35, 32, 25, 18, 28, 24, 19, 32, 31, 29, 23, 17, 32, 20, 18, 19, 9, 14, 15, 29, 19, 35, 10, 26, 33, 9, 16, 27, 27, 28]"
233,"[0, 2, 20, 19, 20, 29, 14, 20, 20, 25, 36, 24, 34, 26, 28, 31, 21, 42, 28, 26, 32, 34, 21, 29, 29, 27, 25, 32, 35, 22, 24, 20, 14, 39, 14, 21, 34, 26, 30, 36, 31, 13, 29, 14, 17, 28, 24, 26, 31, 16]"
234,"[0, 13, 9, 17, 28, 16, 23, 21, 22, 31, 20, 18, 32, 36, 27, 21, 30, 26, 27, 23, 26, 27, 27, 25, 21, 19, 30, 17, 17, 15, 25, 20, 14, 23, 26, 20, 28, 28, 24, 17, 37, 25, 21, 23, 15, 19, 20, 13, 29, 27]"
235,"[0, 6, 15, 28, 14, 24, 26, 21, 24, 35, 23, 24, 26, 29, 19, 13, 9, 26, 31, 25, 10, 21, 37, 30, 29, 25, 23, 13, 16, 23, 34, 25, 33, 15, 14, 12, 34, 16, 13, 28, 22, 24, 29, 30, 18, 10, 26, 20, 17, 31]"
236,"[0, 11, 7, 19, 32, 18, 19, 32, 25, 32, 34, 29, 35, 15, 27, 33, 11, 20, 21, 32, 17, 21, 26, 24, 24, 14, 23, 22, 33, 36, 31, 19, 37, 28, 37, 32, 25, 20, 20, 22, 26, 12, 27, 24, 32, 25, 35, 24, 27, 23]"
237,"[0, 4, 22, 25, 21, 35, 21, 29, 26, 31, 32, 13, 19, 38, 20, 26, 32, 28, 26, 33, 18, 14, 20, 36, 25, 31, 30, 23, 24, 16, 21, 30, 25, 17, 17, 33, 18, 23, 28, 26, 10, 32, 13, 20, 26, 34, 24, 20, 31, 25]"
238,"[0, 9, 12, 19, 36, 22, 31, 13, 20, 30, 19, 16, 37, 15, 33, 30, 20, 31, 31, 17, 27, 21, 19, 19, 29, 29, 33, 28, 12, 20, 14, 31, 18, 36, 17, 33, 32, 23, 27, 34, 11, 19, 41, 25, 17, 30, 24, 27, 31, 23]"
239,"[0, 3, 9, 33, 26, 12, 32, 17, 27, 19, 23, 29, 22, 34, 23, 20, 31, 35, 37, 21, 18, 23, 26, 22, 35, 18, 33, 30, 32, 13, 21, 14, 24, 35, 40, 16, 19, 16, 29, 13, 30, 23, 40, 36, 21, 39, 32, 31, 26, 17]"
240,"[0, 17, 26, 24, 34, 25, 14, 23, 20, 23, 26, 11, 25, 14, 12, 29, 34, 35, 22, 20, 24, 21, 31, 41, 21, 46, 21, 23, 9, 33, 30, 28, 32, 17, 28, 20, 21, 20, 12, 20, 24, 29, 39, 26, 28, 30, 26, 18, 12, 20]"
241,"[0, 11, 11, 31, 39, 13, 25, 33, 34, 26, 15, 32, 19, 31, 15, 22, 35, 18, 17, 28, 14, 29, 21, 25, 25, 35, 40, 24, 24, 32, 42, 27, 20, 30, 23, 10, 22, 25, 26, 29, 19, 28, 22, 22, 27, 34, 22, 31, 34, 25]"
242,"[0, 12, 9, 30, 12, 46, 27, 28, 29, 14, 26, 25, 36, 31, 38, 36, 23, 27, 26, 25, 14, 18, 21, 24, 37, 20, 32, 21, 27, 22, 30, 23, 26, 29, 27, 20, 31, 27, 33, 36, 32, 27, 20, 40, 36, 22, 32, 19, 13, 14]"
243,"[0, 15, 14, 19, 32, 9, 20, 15, 25, 23, 22, 29, 13, 21, 18, 20, 19, 24, 28, 22, 21, 29, 27, 23, 22, 26, 24, 15, 34, 23, 37, 26, 22, 32, 23, 32, 34, 35, 27, 30, 39, 28, 37, 26, 20, 18, 15, 22, 19, 26]"
244,"[0, 10, 18, 28, 21, 30, 24, 22, 27, 24, 32, 15, 21, 22, 29, 10, 18, 24, 25, 16, 35, 15, 20, 35, 22, 27, 34, 21, 31, 28, 37, 27, 35, 28, 21, 29, 31, 28, 7, 25, 29, 25, 19, 27, 21, 21, 14, 18, 23, 29]"
245,"[0, 18, 10, 31, 24, 23, 35, 28, 34, 26, 11, 31, 21, 22, 16, 21, 18, 15, 27, 27, 28, 24, 22, 43, 40, 18, 20, 13, 15, 30, 32, 25, 10, 17, 16, 11, 22, 32, 33, 30, 21, 17, 23, 18, 20, 18, 27, 23, 26, 15]"
246,"[0, 1, 28, 38, 27, 21, 25, 42, 27, 33, 35, 26, 33, 21, 32, 25, 16, 39, 25, 28, 31, 19, 21, 17, 22, 22, 25, 12, 19, 32, 22, 11, 29, 25, 25, 34, 18, 14, 16, 11, 34, 17, 17, 21, 18, 28, 11, 19, 29, 15]"
247,"[0, 13, 27, 26, 20, 26, 20, 14, 35, 17, 32, 28, 28, 34, 33, 18, 36, 14, 18, 21, 27, 14, 13, 35, 35, 23, 16, 23, 14, 29, 28, 23, 32, 29, 17, 38, 27, 19, 10, 31, 21, 20, 23, 26, 35, 24, 14, 19, 26, 32]"
248,"[0, 14, 14, 19, 29, 34, 24, 14, 21, 33, 22, 30, 10, 28, 18, 30, 26, 10, 8, 13, 19, 20, 34, 26, 37, 23, 20, 24, 19, 23, 37, 29, 27, 28, 21, 40, 14, 11, 20, 26, 21, 26, 13, 29, 27, 9, 32, 17, 21, 18]"
249,"[0, 7, 24, 27, 24, 24, 17, 24, 24, 23, 32, 19, 20, 24, 16, 21, 24, 15, 18, 26, 16, 28, 21, 31, 26, 17, 18, 14, 25, 21, 23, 14, 20, 24, 28, 11, 16, 9, 19, 28, 35, 13, 25, 25, 31, 30, 22, 18, 10, 27]"
250,"[0, 10, 36, 25, 36, 28, 36, 17, 29, 34, 40, 26, 14, 23, 30, 33, 28, 34, 38, 20, 30, 27, 27, 27, 26, 34, 33, 26, 11, 40, 25, 35, 21, 28, 27, 37, 27, 30, 37, 38, 37, 38, 24, 25, 25, 27, 37, 35, 34, 31]"
251,"[0, 12, 26, 13, 18, 35, 22, 23, 42, 27, 32, 17, 24, 24, 31, 24, 17, 25, 13, 36, 29, 36, 26, 15, 22, 38, 19, 17, 17, 18, 34, 24, 24, 33, 25, 25, 28, 35, 38, 19, 25, 34, 33, 29, 29, 22, 21, 38, 23, 22]"
252,"[0, 8, 12, 37, 32, 19, 21, 42, 21, 23, 35, 15, 21, 22, 15, 25, 29, 24, 23, 16, 30, 33, 28, 18, 32, 23, 19, 36, 20, 8, 14, 35, 24, 27, 22, 32, 37, 25, 17, 19, 17, 33, 24, 26, 25, 27, 29, 18, 32, 31]"
253,"[0, 12, 19, 27, 31, 20, 19, 23, 27, 17, 33, 17, 10, 19, 17, 37, 17, 11, 20, 28, 26, 35, 21, 10, 36, 18, 29, 13, 20, 27, 9, 15, 30, 21, 38, 17, 16, 35, 28, 23, 29, 30, 19, 16, 31, 28, 28, 17, 22, 30]"
254,"[0, 3, 15, 27, 41, 19, 27, 30, 22, 8, 27, 26, 8, 26, 30, 20, 21, 25, 37, 33, 32, 33, 22, 25, 18, 24, 16, 23, 23, 15, 18, 37, 11, 27, 37, 17, 37, 19, 30, 23, 31, 18, 27, 17, 30, 16, 20, 26, 21, 13]"
255,"[0, 5, 21, 15, 28, 17, 14, 26, 33, 22, 12, 20, 29, 15, 22, 17, 11, 23, 22, 28, 12, 32, 40, 19, 16, 22, 26, 23, 33, 25, 37, 17, 41, 32, 22, 25, 26, 28, 22, 25, 25, 29, 17, 19, 17, 22, 17, 15, 31, 35]"
256,"[0, 15, 28, 30, 31, 40, 23, 30, 26, 43, 17, 34, 22, 30, 26, 16, 25, 26, 39, 22, 21, 40, 23, 16, 38, 24, 20, 43, 21, 24, 19, 34, 24, 23, 24, 24, 31, 27, 30, 28, 22, 36, 24, 24, 39, 26, 19, 20, 32, 37]"
257,"[0, 14, 21, 26, 21, 35, 30, 19, 34, 18, 28, 14, 25, 32, 21, 29, 23, 32, 30, 23, 19, 33, 23, 31, 23, 13, 33, 26, 23, 12, 20, 26, 26, 18, 19, 17, 19, 17, 20, 21, 21, 11, 18, 29, 27, 32, 25, 25, 26, 28]"
258,"[0, 10, 15, 33, 23, 32, 18, 29, 27, 26, 28, 21, 30, 27, 29, 19, 17, 27, 34, 26, 16, 10, 18, 29, 16, 27, 22, 30, 14, 25, 27, 24, 23, 41, 24, 31, 34, 29, 21, 27, 26, 18, 18, 31, 33, 23, 18, 21, 29, 32]"
259,"[0, 10, 21, 35, 29, 17, 41, 27, 22, 18, 41, 25, 16, 25, 27, 21, 20, 13, 23, 11, 21, 16, 30, 23, 23, 28, 26, 8, 27, 27, 32, 20, 40, 16, 28, 26, 39, 15, 33, 19, 25, 32, 26, 20, 22, 30, 28, 20, 22, 17]"
260,"[0, 0, 18, 21, 26, 28, 15, 10, 22, 18, 21, 30, 33, 22, 16, 19, 12, 29, 34, 12, 23, 17, 21, 26, 29, 21, 22, 14, 19, 36, 30, 30, 20, 22, 26, 30, 18, 35, 21, 29, 29, 20, 28, 17, 31, 24, 29, 35, 17, 19]"
261,"[0, 17, 17, 17, 22, 26, 22, 18, 22, 16, 11, 32, 23, 28, 16, 18, 36, 36, 20, 32, 29, 36, 41, 27, 20, 21, 26, 24, 18, 26, 31, 30, 20, 30, 19, 22, 13, 14, 32, 11, 21, 10, 12, 32, 21, 31, 28, 19, 35, 26]"
262,"[0, 4, 28, 25, 34, 17, 24, 33, 20, 30, 19, 16, 30, 24, 25, 29, 31, 30, 26, 30, 17, 36, 22, 23, 19, 38, 20, 16, 23, 16, 32, 22, 26, 30, 28, 19, 32, 28, 25, 39, 26, 28, 17, 13, 19, 12, 34, 24, 17, 16]"
263,"[0, 4, 17, 37, 37, 30, 34, 41, 19, 24, 27, 36, 20, 24, 26, 22, 22, 33, 27, 40, 32, 35, 23, 34, 45, 39, 23, 24, 40, 23, 28, 25, 21, 42, 29, 30, 25, 30, 27, 32, 25, 29, 25, 15, 17, 21, 26, 22, 28, 26]"
264,"[0, 6, 32, 29, 13, 18, 21, 32, 19, 14, 30, 19, 35, 13, 19, 41, 28, 30, 37, 23, 44, 19, 30, 28, 30, 20, 24, 26, 28, 31, 13, 31, 28, 18, 34, 20, 15, 28, 18, 19, 23, 37, 11, 16, 19, 25, 34, 22, 19, 30]"
265,"[0, 16, 21, 22, 30, 16, 39, 34, 25, 37, 26, 32, 19, 33, 31, 26, 39, 22, 18, 25, 19, 18, 20, 18, 45, 19, 19, 23, 35, 24, 15, 31, 15, 31, 34, 29, 33, 18, 14, 25, 36, 33, 32, 22, 21, 35, 30, 38, 27, 19]"
266,"[0, 1, 18, 29, 24, 22, 33, 17, 33, 13, 27, 17, 39, 29, 22, 15, 36, 16, 20, 30, 15, 20, 13, 30, 32, 29, 23, 22, 20, 26, 18, 16, 34, 21, 28, 26, 19, 20, 29, 23, 35, 24, 18, 24, 31, 17, 28, 25, 27, 32]"
267,"[0, 17, 13, 33, 19, 28, 40, 27, 18, 23, 33, 31, 18, 31, 32, 23, 24, 20, 26, 24, 17, 13, 5, 21, 27, 37, 30, 17, 29, 12, 18, 15, 17, 21, 28, 23, 30, 16, 39, 18, 24, 22, 35, 26, 33, 29, 22, 24, 34, 19]"
268,"[0, 9, 33, 16, 10, 36, 13, 33, 15, 28, 34, 16, 38, 28, 17, 23, 26, 34, 24, 18, 19, 12, 23, 21, 19, 7, 16, 30, 17, 40, 19, 29, 26, 21, 40, 27, 15, 37, 39, 17, 33, 28, 28, 28, 26, 30, 21, 11, 22, 37]"
269,"[0, 11, 8, 17, 27, 17, 19, 23, 41, 22, 11, 28, 10, 22, 19, 13, 22, 28, 18, 37, 19, 25, 35, 32, 15, 37, 9, 19, 16, 22, 39, 31, 34, 38, 27, 38, 30, 29, 17, 34, 14, 18, 22, 9, 26, 36, 24, 26, 32, 24]"
270,"[0, 8, 19, 21, 22, 24, 13, 32, 23, 16, 33, 23, 36, 13, 22, 23, 16, 12, 37, 25, 49, 21, 36, 20, 25, 30, 41, 26, 40, 20, 15, 30, 38, 40, 21, 22, 22, 16, 36, 37, 32, 12, 19, 27, 30, 16, 18, 23, 22, 31]"
271,"[0, 17, 8, 28, 23, 13, 20, 14, 19, 27, 19, 27, 25, 12, 28, 33, 14, 37, 7, 24, 20, 32, 33, 18, 17, 38, 37, 37, 21, 12, 13, 16, 30, 19, 14, 12, 31, 32, 31, 32, 21, 38, 28, 17, 32, 17, 32, 22, 28, 22]"
272,"[0, 11, 26, 25, 27, 27, 16, 29, 19, 30, 12, 22, 25, 22, 33, 21, 37, 29, 31, 21, 24, 38, 17, 33, 20, 11, 20, 28, 24, 16, 31, 38, 31, 23, 18, 29, 13, 28, 39, 19, 28, 27, 15, 33, 24, 36, 24, 27, 32, 27]"
273,"[0, 11, 29, 24, 38, 34, 30, 13, 28, 31, 24, 21, 15, 31, 15, 33, 30, 26, 25, 32, 24, 19, 37, 24, 22, 36, 18, 15, 11, 33, 34, 19, 17, 37, 35, 25, 28, 11, 15, 19, 24, 30, 29, 39, 32, 36, 36, 28, 38, 36]"
274,"[0, 8, 22, 30, 25, 17, 34, 25, 14, 36, 17, 29, 7, 23, 33, 26, 27, 36, 23, 13, 24, 24, 30, 30, 31, 26, 22, 36, 29, 30, 11, 18, 10, 10, 29, 27, 26, 22, 42, 13, 19, 39, 19, 18, 38, 15, 32, 34, 35, 27]"
275,"[0, 3, 25, 32, 28, 37, 10, 21, 26, 33, 28, 28, 25, 19, 25, 28, 27, 26, 42, 14, 14, 31, 19, 24, 27, 26, 16, 13, 24, 13, 13, 18, 15, 15, 37, 28, 25, 24, 26, 28, 33, 27, 39, 26, 21, 35, 33, 14, 31, 36]"
276,"[0, 1, 18, 18, 32, 36, 22, 31, 26, 21, 28, 39, 15, 21, 34, 28, 13, 35, 30, 22, 23, 14, 24, 35, 37, 24, 24, 22, 25, 20, 20, 24, 22, 32, 23, 22, 35, 37, 32, 28, 26, 34, 32, 34, 15, 35, 19, 21, 18, 31]"
277,"[0, 14, 19, 12, 33, 17, 30, 12, 22, 20, 29, 17, 25, 28, 23, 21, 36, 23, 15, 30, 30, 34, 15, 33, 36, 24, 30, 22, 18, 17, 27, 21, 30, 37, 16, 24, 24, 22, 19, 19, 40, 26, 15, 22, 33, 19, 33, 31, 20, 30]"
278,"[0, 20, 11, 32, 26, 24, 26, 18, 29, 17, 24, 13, 12, 36, 27, 26, 33, 27, 21, 30, 22, 20, 37, 35, 25, 28, 22, 30, 13, 39, 16, 20, 25, 11, 16, 4, 18, 19, 15, 30, 23, 31, 12, 13, 16, 17, 21, 33, 19, 21]"
279,"[0, 14, 22, 37, 31, 24, 24, 25, 8, 13, 30, 22, 28, 16, 22, 21, 28, 36, 20, 27, 29, 34, 27, 21, 32, 35, 23, 19, 33, 24, 45, 22, 33, 26, 21, 30, 16, 35, 16, 23, 23, 20, 27, 28, 16, 27, 27, 31, 25, 22]"
280,"[0, 11, 26, 17, 24, 12, 31, 21, 24, 22, 36, 33, 27, 29, 28, 28, 36, 19, 36, 18, 36, 34, 31, 29, 25, 12, 13, 29, 16, 28, 35, 29, 34, 43, 16, 25, 30, 26, 28, 32, 27, 36, 11, 30, 18, 29, 24, 38, 30, 29]"
281,"[0, 1, 7, 15, 34, 31, 22, 29, 11, 27, 31, 23, 28, 14, 29, 42, 18, 26, 16, 25, 16, 27, 40, 34, 19, 25, 13, 12, 28, 15, 20, 40, 38, 29, 25, 15, 31, 32, 24, 20, 43, 22, 27, 30, 22, 27, 33, 39, 34, 19]"
282,"[0, 3, 19, 15, 23, 27, 13, 28, 21, 10, 24, 19, 26, 28, 29, 19, 15, 18, 24, 15, 29, 32, 28, 22, 22, 38, 29, 11, 30, 30, 15, 30, 31, 35, 21, 22, 11, 17, 29, 32, 12, 34, 28, 26, 23, 28, 27, 35, 28, 24]"
283,"[0, 1, 8, 16, 34, 20, 18, 23, 29, 12, 31, 36, 24, 33, 25, 25, 21, 33, 16, 21, 17, 25, 28, 24, 33, 36, 20, 33, 19, 11, 41, 25, 30, 30, 30, 28, 23, 33, 15, 16, 28, 18, 35, 26, 15, 25, 24, 18, 32, 16]"
284,"[0, 6, 17, 34, 33, 19, 18, 25, 29, 26, 36, 24, 42, 24, 24, 28, 16, 15, 27, 15, 6, 21, 33, 31, 23, 19, 23, 20, 23, 29, 36, 36, 30, 37, 31, 29, 34, 39, 15, 30, 10, 34, 34, 25, 35, 18, 24, 16, 27, 30]"
285,"[0, 12, 26, 18, 30, 20, 14, 32, 39, 28, 21, 27, 19, 27, 37, 38, 34, 36, 35, 22, 17, 21, 32, 23, 32, 20, 28, 20, 27, 29, 20, 39, 25, 31, 35, 18, 43, 35, 24, 25, 41, 38, 25, 33, 25, 32, 16, 18, 27, 33]"
286,"[0, 5, 13, 18, 26, 24, 34, 23, 32, 26, 32, 35, 32, 21, 27, 25, 30, 21, 21, 24, 22, 30, 30, 21, 14, 18, 27, 18, 21, 30, 21, 23, 33, 27, 33, 28, 31, 37, 20, 27, 30, 32, 33, 32, 17, 23, 16, 29, 18, 35]"
287,"[0, 2, 26, 19, 25, 20, 18, 34, 14, 36, 35, 27, 18, 21, 18, 36, 27, 26, 28, 12, 23, 24, 23, 14, 30, 24, 25, 16, 31, 29, 11, 22, 13, 21, 23, 29, 39, 33, 39, 32, 18, 32, 35, 37, 21, 15, 15, 20, 33, 29]"
288,"[0, 5, 27, 30, 31, 16, 35, 22, 24, 29, 22, 21, 26, 37, 15, 24, 23, 20, 16, 28, 17, 18, 12, 32, 21, 38, 41, 14, 37, 17, 27, 22, 12, 17, 23, 35, 17, 32, 28, 22, 35, 30, 33, 21, 28, 32, 35, 24, 29, 34]"
289,"[0, 9, 8, 21, 29, 28, 21, 20, 11, 23, 35, 14, 17, 28, 31, 34, 30, 29, 13, 19, 18, 19, 14, 32, 27, 32, 41, 36, 22, 23, 28, 18, 21, 38, 19, 28, 22, 17, 31, 32, 22, 17, 28, 17, 29, 21, 14, 31, 36, 34]"
290,"[0, 11, 8, 34, 31, 32, 16, 33, 30, 18, 46, 18, 29, 19, 23, 25, 41, 32, 27, 34, 21, 18, 11, 21, 17, 37, 13, 26, 20, 29, 27, 33, 40, 40, 27, 15, 32, 32, 32, 31, 19, 11, 35, 25, 17, 13, 26, 22, 20, 33]"
291,"[0, 12, 25, 22, 19, 31, 29, 35, 33, 31, 24, 33, 16, 26, 27, 29, 14, 31, 20, 29, 23, 22, 20, 14, 23, 36, 15, 38, 32, 22, 15, 32, 29, 19, 18, 34, 22, 19, 17, 31, 22, 34, 21, 28, 16, 34, 18, 26, 19, 15]"
292,"[0, 15, 17, 34, 31, 28, 21, 34, 31, 25, 36, 23, 33, 33, 14, 16, 31, 18, 26, 30, 29, 22, 26, 34, 31, 19, 34, 31, 12, 20, 30, 39, 35, 23, 38, 17, 25, 32, 22, 36, 29, 28, 25, 13, 30, 13, 28, 22, 24, 23]"
293,"[0, 11, 29, 28, 28, 27, 19, 16, 10, 34, 24, 12, 28, 23, 22, 20, 13, 22, 28, 40, 20, 24, 32, 26, 29, 22, 35, 22, 32, 24, 24, 27, 27, 33, 27, 10, 11, 27, 22, 40, 18, 29, 16, 37, 15, 38, 32, 17, 26, 32]"
294,"[0, 17, 20, 31, 21, 24, 21, 26, 28, 26, 24, 25, 22, 16, 26, 18, 32, 36, 35, 15, 40, 30, 22, 26, 38, 38, 30, 40, 13, 38, 35, 26, 17, 18, 22, 33, 31, 37, 30, 23, 27, 27, 28, 18, 24, 30, 23, 28, 38, 36]"
295,"[0, 2, 32, 15, 35, 25, 23, 26, 20, 29, 13, 28, 18, 11, 28, 10, 18, 30, 12, 26, 25, 19, 20, 22, 25, 26, 34, 24, 23, 14, 23, 37, 23, 27, 23, 33, 26, 17, 31, 23, 20, 32, 15, 27, 35, 13, 22, 19, 30, 36]"
296,"[0, 19, 25, 39, 16, 35, 13, 24, 28, 27, 25, 26, 11, 33, 9, 22, 29, 26, 37, 35, 22, 24, 23, 14, 18, 13, 21, 29, 20, 31, 27, 33, 44, 20, 32, 15, 23, 32, 22, 30, 25, 24, 33, 33, 35, 23, 33, 27, 30, 37]"
297,"[0, 11, 31, 22, 46, 34, 30, 36, 32, 30, 29, 27, 22, 15, 37, 24, 18, 33, 34, 33, 36, 33, 27, 25, 28, 20, 34, 25, 27, 31, 43, 29, 23, 31, 22, 36, 36, 19, 19, 24, 36, 32, 21, 25, 36, 22, 38, 32, 28, 28]"
298,"[0, 20, 19, 33, 25, 21, 28, 33, 20, 17, 41, 13, 24, 16, 32, 34, 33, 19, 14, 24, 34, 30, 23, 26, 7, 31, 17, 16, 31, 31, 22, 28, 28, 26, 27, 31, 32, 30, 23, 24, 25, 24, 39, 15, 19, 37, 30, 32, 21, 40]"
299,"[0, 20, 27, 23, 21, 23, 25, 42, 35, 38, 36, 40, 26, 21, 20, 22, 37, 20, 30, 21, 24, 17, 32, 23, 32, 20, 18, 26, 10, 29, 19, 37, 26, 23, 33, 22, 30, 37, 29, 14, 32, 14, 24, 22, 48, 35, 24, 37, 31, 30]"
300,"[0, 8, 24, 36, 24, 14, 37, 35, 26, 20, 36, 30, 17, 28, 17, 25, 22, 31, 32, 44, 19, 27, 24, 35, 32, 27, 30, 27, 34, 38, 36, 23, 27, 28, 28, 32, 25, 35, 16, 25, 30, 17, 22, 31, 22, 24, 43, 25, 33, 31]"
301,"[0, 4, 20, 25, 32, 21, 15, 14, 8, 10, 29, 32, 22, 14, 26, 18, 19, 31, 33, 31, 38, 21, 35, 24, 27, 35, 35, 16, 18, 29, 28, 30, 15, 28, 26, 26, 19, 26, 32, 22, 12, 35, 22, 22, 28, 27, 24, 16, 28, 22]"
302,"[0, 10, 15, 22, 20, 30, 21, 16, 24, 23, 28, 21, 33, 21, 18, 36, 34, 30, 17, 15, 18, 19, 24, 18, 15, 15, 32, 15, 29, 26, 28, 20, 28, 24, 24, 14, 19, 29, 32, 13, 16, 14, 15, 39, 19, 24, 31, 21, 25, 15]"
303,"[0, 10, 20, 34, 36, 20, 24, 37, 23, 24, 28, 35, 16, 20, 26, 32, 27, 19, 22, 24, 31, 23, 16, 26, 16, 17, 24, 18, 17, 31, 32, 25, 19, 22, 35, 18, 13, 34, 22, 13, 32, 27, 32, 34, 33, 24, 37, 25, 13, 30]"
304,"[0, 3, 25, 21, 29, 16, 30, 26, 15, 39, 18, 18, 44, 23, 21, 13, 28, 41, 13, 37, 22, 32, 35, 25, 34, 13, 25, 40, 27, 19, 38, 18, 21, 33, 34, 27, 30, 34, 12, 24, 34, 33, 24, 24, 15, 37, 34, 21, 26, 31]"
305,"[0, 8, 21, 26, 10, 30, 15, 18, 21, 18, 26, 32, 25, 17, 29, 32, 24, 31, 17, 35, 17, 30, 37, 16, 26, 29, 27, 30, 37, 13, 5, 22, 17, 22, 28, 28, 24, 20, 20, 25, 22, 34, 10, 39, 19, 30, 17, 16, 18, 22]"
306,"[0, 14, 26, 15, 29, 26, 28, 20, 35, 24, 34, 27, 28, 23, 13, 16, 29, 23, 26, 18, 20, 13, 17, 38, 23, 10, 33, 14, 32, 38, 16, 19, 22, 28, 22, 31, 28, 25, 14, 25, 25, 17, 31, 11, 20, 17, 26, 14, 11, 17]"
307,"[0, 13, 19, 32, 37, 34, 30, 22, 23, 41, 28, 18, 18, 33, 18, 28, 13, 25, 34, 12, 17, 32, 31, 25, 33, 31, 12, 12, 32, 30, 27, 30, 29, 30, 37, 38, 36, 12, 36, 21, 21, 29, 21, 30, 27, 37, 32, 29, 43, 22]"
308,"[0, 17, 12, 16, 23, 25, 24, 31, 34, 22, 26, 38, 20, 20, 16, 25, 32, 39, 25, 19, 29, 11, 13, 15, 22, 25, 19, 23, 22, 34, 35, 27, 31, 17, 30, 26, 27, 30, 30, 28, 23, 26, 18, 26, 27, 12, 35, 35, 30, 31]"
309,"[0, 16, 13, 24, 19, 31, 11, 27, 12, 34, 17, 24, 19, 14, 27, 29, 25, 28, 30, 27, 15, 18, 14, 26, 33, 14, 14, 28, 28, 29, 28, 32, 20, 15, 11, 26, 32, 22, 36, 32, 28, 13, 24, 29, 17, 22, 28, 31, 22, 37]"
310,"[0, 12, 20, 18, 35, 15, 24, 19, 25, 25, 27, 22, 26, 15, 29, 30, 27, 27, 31, 36, 31, 16, 31, 34, 21, 25, 30, 12, 37, 35, 29, 29, 43, 26, 28, 8, 25, 14, 30, 21, 16, 27, 30, 34, 25, 17, 29, 26, 24, 20]"
311,"[0, 10, 17, 16, 30, 24, 30, 38, 33, 26, 17, 27, 22, 28, 38, 17, 31, 25, 17, 30, 39, 31, 26, 16, 32, 25, 9, 32, 35, 25, 21, 44, 30, 25, 22, 15, 32, 17, 31, 25, 20, 26, 37, 21, 27, 32, 22, 22, 26, 36]"
312,"[0, 13, 12, 20, 12, 31, 31, 34, 37, 11, 16, 23, 30, 20, 18, 22, 20, 22, 28, 16, 26, 23, 23, 30, 8, 16, 16, 27, 17, 25, 29, 13, 26, 24, 33, 20, 30, 12, 22, 21, 27, 23, 25, 23, 24, 21, 25, 36, 33, 20]"
313,"[0, 1, 19, 15, 16, 25, 20, 24, 16, 24, 35, 25, 19, 33, 8, 18, 33, 28, 34, 17, 17, 33, 20, 18, 24, 31, 25, 30, 34, 26, 20, 21, 50, 34, 26, 20, 23, 31, 15, 11, 25, 19, 27, 18, 26, 30, 17, 14, 15, 12]"
314,"[0, 20, 26, 18, 43, 21, 14, 23, 27, 43, 29, 19, 27, 17, 30, 33, 38, 38, 24, 33, 26, 29, 31, 16, 14, 21, 19, 43, 34, 14, 30, 35, 26, 27, 28, 24, 23, 24, 16, 14, 15, 26, 23, 23, 33, 33, 21, 40, 17, 28]"
315,"[0, 8, 23, 30, 38, 12, 12, 29, 33, 16, 20, 12, 31, 29, 30, 24, 21, 37, 25, 25, 27, 20, 42, 16, 19, 29, 33, 25, 31, 33, 22, 22, 37, 28, 22, 35, 23, 16, 22, 23, 26, 27, 32, 28, 30, 23, 30, 21, 28, 23]"
316,"[0, 10, 12, 31, 13, 35, 39, 18, 34, 29, 30, 39, 24, 32, 17, 14, 25, 29, 32, 29, 34, 26, 24, 16, 45, 19, 32, 36, 21, 32, 38, 32, 24, 33, 37, 26, 15, 32, 15, 16, 31, 16, 24, 18, 23, 26, 17, 33, 25, 41]"
317,"[0, 17, 22, 26, 27, 30, 22, 30, 37, 32, 31, 22, 24, 18, 28, 35, 26, 33, 33, 35, 27, 28, 12, 27, 27, 24, 33, 20, 36, 33, 28, 32, 27, 34, 24, 16, 22, 30, 22, 22, 25, 27, 28, 19, 20, 19, 32, 17, 30, 15]"
318,"[0, 10, 13, 19, 30, 18, 20, 27, 25, 32, 25, 15, 16, 24, 28, 27, 28, 17, 17, 22, 38, 36, 12, 21, 33, 34, 29, 21, 32, 29, 29, 25, 27, 16, 22, 14, 25, 17, 18, 29, 24, 33, 28, 28, 15, 29, 33, 36, 31, 28]"
319,"[0, 4, 30, 15, 34, 23, 31, 29, 27, 14, 29, 19, 19, 9, 17, 30, 36, 16, 27, 23, 30, 17, 23, 31, 38, 28, 42, 29, 13, 31, 26, 25, 27, 25, 24, 21, 25, 32, 25, 39, 21, 20, 42, 41, 27, 25, 22, 36, 35, 32]"
320,"[0, 11, 20, 38, 23, 22, 8, 21, 20, 32, 18, 13, 19, 26, 18, 28, 19, 26, 29, 41, 35, 28, 45, 30, 24, 29, 26, 21, 30, 19, 25, 13, 17, 34, 21, 17, 16, 22, 26, 26, 17, 15, 21, 16, 17, 29, 31, 29, 41, 28]"
321,"[0, 8, 30, 23, 16, 24, 17, 27, 36, 28, 12, 13, 17, 21, 14, 31, 33, 27, 25, 29, 23, 31, 45, 24, 20, 31, 36, 17, 33, 29, 21, 35, 31, 23, 16, 23, 22, 11, 26, 10, 29, 20, 25, 11, 14, 32, 22, 46, 32, 30]"
322,"[0, 7, 17, 31, 37, 15, 38, 28, 20, 27, 27, 33, 28, 36, 18, 17, 27, 28, 32, 35, 31, 34, 10, 41, 17, 31, 24, 33, 13, 13, 27, 26, 12, 11, 17, 22, 31, 23, 20, 13, 28, 20, 8, 19, 33, 16, 36, 26, 36, 31]"
323,"[0, 6, 25, 23, 23, 31, 26, 42, 19, 36, 32, 29, 12, 29, 28, 23, 32, 21, 30, 26, 19, 27, 24, 34, 32, 27, 18, 24, 30, 22, 27, 30, 32, 22, 27, 19, 31, 18, 19, 31, 21, 10, 28, 30, 36, 30, 25, 30, 19, 33]"
324,"[0, 19, 19, 28, 19, 36, 30, 20, 30, 22, 36, 17, 31, 16, 30, 35, 33, 28, 25, 9, 18, 27, 24, 36, 20, 30, 21, 32, 18, 21, 26, 38, 22, 30, 12, 24, 21, 18, 23, 28, 16, 27, 30, 35, 22, 34, 25, 25, 39, 27]"
325,"[0, 5, 18, 14, 27, 34, 25, 32, 24, 21, 37, 17, 24, 29, 26, 27, 4, 22, 15, 16, 21, 23, 25, 27, 29, 33, 17, 24, 25, 20, 22, 16, 24, 17, 32, 32, 10, 5, 17, 25, 24, 28, 27, 17, 44, 27, 24, 31, 36, 23]"
326,"[0, 2, 28, 29, 12, 23, 34, 25, 21, 34, 22, 37, 32, 30, 16, 28, 28, 24, 31, 14, 23, 37, 45, 32, 18, 22, 20, 25, 33, 27, 35, 23, 35, 30, 21, 28, 12, 26, 35, 18, 23, 39, 26, 39, 20, 19, 19, 24, 31, 35]"
327,"[0, 13, 20, 21, 38, 17, 18, 24, 31, 23, 29, 19, 40, 24, 19, 39, 27, 35, 12, 30, 22, 33, 12, 34, 33, 19, 20, 24, 33, 17, 29, 22, 34, 32, 32, 22, 30, 26, 32, 30, 36, 19, 34, 26, 21, 13, 26, 33, 7, 34]"
328,"[0, 19, 25, 36, 24, 23, 14, 33, 36, 17, 16, 31, 37, 14, 23, 29, 30, 22, 42, 33, 32, 15, 15, 19, 21, 16, 16, 30, 32, 23, 24, 36, 40, 22, 23, 25, 24, 22, 23, 21, 14, 18, 33, 17, 12, 15, 25, 22, 31, 16]"
329,"[0, 18, 23, 11, 35, 31, 14, 27, 22, 31, 20, 35, 33, 21, 20, 28, 38, 32, 26, 16, 22, 20, 6, 27, 22, 30, 38, 21, 24, 27, 24, 34, 29, 16, 27, 31, 21, 22, 18, 8, 23, 34, 23, 29, 17, 14, 33, 23, 15, 28]"
330,"[0, 9, 10, 26, 19, 14, 22, 22, 27, 25, 36, 15, 13, 13, 25, 20, 31, 29, 24, 21, 18, 29, 14, 13, 27, 29, 23, 35, 24, 17, 27, 33, 33, 24, 24, 15, 27, 23, 20, 34, 19, 29, 36, 19, 12, 34, 13, 35, 42, 18]"
331,"[0, 2, 25, 27, 17, 32, 26, 21, 41, 16, 20, 25, 16, 18, 38, 21, 14, 26, 19, 30, 31, 32, 29, 32, 32, 26, 19, 40, 23, 20, 26, 30, 26, 22, 27, 19, 35, 27, 18, 33, 30, 20, 24, 23, 36, 21, 40, 28, 39, 31]"
332,"[0, 9, 26, 20, 14, 31, 20, 31, 24, 33, 28, 19, 20, 22, 29, 22, 24, 24, 28, 32, 28, 12, 25, 32, 32, 27, 19, 31, 28, 15, 21, 32, 33, 26, 22, 26, 37, 16, 31, 19, 12, 21, 26, 37, 23, 29, 14, 24, 32, 28]"
333,"[0, 17, 23, 15, 16, 31, 29, 26, 27, 18, 23, 19, 35, 15, 26, 22, 18, 19, 23, 16, 22, 7, 32, 32, 20, 27, 35, 11, 18, 24, 17, 33, 31, 16, 18, 22, 26, 23, 21, 39, 27, 25, 17, 20, 20, 22, 22, 20, 32, 17]"
334,"[0, 8, 23, 15, 34, 12, 19, 11, 23, 28, 23, 24, 27, 19, 19, 15, 19, 20, 18, 19, 12, 15, 16, 23, 34, 19, 18, 28, 31, 16, 27, 26, 36, 40, 25, 26, 28, 27, 30, 15, 23, 30, 20, 20, 18, 28, 17, 23, 11, 23]"
335,"[0, 10, 8, 28, 20, 20, 23, 23, 25, 25, 27, 21, 18, 36, 23, 33, 26, 13, 10, 21, 10, 28, 30, 15, 21, 14, 30, 28, 20, 25, 12, 28, 30, 17, 33, 23, 21, 20, 19, 18, 27, 30, 21, 14, 20, 35, 17, 17, 18, 28]"
336,"[0, 2, 26, 24, 20, 27, 26, 18, 36, 34, 26, 16, 17, 21, 31, 23, 35, 26, 33, 21, 30, 34, 26, 36, 36, 16, 27, 25, 33, 15, 30, 37, 38, 25, 11, 17, 26, 31, 31, 14, 22, 21, 26, 16, 10, 21, 27, 30, 44, 25]"
337,"[0, 11, 29, 27, 37, 16, 36, 38, 17, 19, 29, 22, 36, 19, 5, 37, 23, 31, 20, 30, 30, 30, 33, 30, 24, 20, 37, 25, 25, 36, 24, 33, 37, 32, 34, 27, 25, 41, 22, 31, 35, 33, 41, 26, 18, 32, 22, 28, 39, 37]"
338,"[0, 20, 15, 27, 38, 24, 22, 35, 10, 28, 34, 35, 20, 14, 29, 27, 22, 20, 26, 22, 40, 30, 16, 33, 23, 16, 17, 15, 20, 28, 17, 36, 32, 19, 26, 17, 31, 16, 33, 35, 31, 31, 27, 25, 25, 38, 31, 31, 17, 21]"
339,"[0, 20, 22, 11, 18, 32, 36, 10, 35, 24, 15, 33, 38, 21, 24, 21, 27, 32, 14, 25, 22, 25, 26, 19, 12, 19, 16, 25, 27, 21, 10, 31, 11, 22, 20, 20, 12, 22, 20, 17, 15, 39, 31, 42, 19, 32, 29, 29, 28, 27]"
340,"[0, 0, 22, 21, 18, 22, 31, 24, 16, 24, 24, 23, 16, 35, 22, 23, 15, 27, 27, 20, 12, 17, 14, 21, 35, 25, 27, 22, 25, 29, 19, 11, 28, 23, 17, 20, 19, 19, 11, 31, 34, 16, 30, 24, 19, 19, 25, 13, 28, 20]"
341,"[0, 0, 21, 26, 29, 24, 24, 38, 34, 15, 20, 27, 27, 27, 30, 35, 11, 13, 34, 17, 22, 27, 24, 26, 13, 26, 17, 33, 25, 18, 17, 13, 21, 26, 18, 27, 34, 15, 30, 35, 43, 15, 35, 19, 24, 14, 18, 25, 31, 31]"
342,"[0, 14, 23, 26, 32, 33, 27, 26, 13, 20, 16, 32, 22, 18, 34, 18, 9, 26, 12, 27, 29, 21, 32, 16, 26, 23, 23, 25, 22, 18, 25, 28, 23, 14, 20, 24, 33, 30, 29, 32, 28, 35, 33, 21, 18, 16, 29, 29, 23, 40]"
343,"[0, 8, 22, 34, 18, 31, 30, 27, 16, 35, 20, 13, 27, 29, 16, 18, 33, 23, 33, 19, 19, 26, 45, 26, 28, 33, 21, 18, 16, 20, 10, 25, 22, 21, 28, 22, 34, 18, 17, 21, 28, 28, 38, 22, 32, 28, 38, 20, 18, 28]"
344,"[0, 12, 18, 35, 31, 37, 31, 32, 24, 17, 35, 13, 29, 33, 16, 30, 15, 15, 41, 32, 27, 25, 16, 31, 21, 27, 17, 30, 38, 21, 20, 34, 35, 30, 19, 20, 36, 24, 38, 18, 21, 18, 36, 34, 22, 29, 23, 20, 28, 29]"
345,"[0, 10, 11, 24, 27, 16, 24, 31, 24, 42, 27, 26, 21, 16, 19, 10, 16, 24, 29, 18, 17, 27, 18, 25, 24, 19, 20, 39, 32, 26, 29, 27, 16, 22, 14, 30, 37, 28, 26, 13, 19, 22, 22, 20, 12, 28, 24, 13, 29, 30]"
346,"[0, 8, 21, 33, 17, 21, 14, 26, 33, 29, 30, 26, 24, 32, 12, 35, 22, 35, 33, 11, 28, 27, 30, 19, 22, 33, 29, 13, 21, 28, 38, 17, 23, 25, 25, 18, 24, 30, 18, 37, 25, 23, 30, 24, 20, 27, 17, 28, 20, 29]"
347,"[0, 17, 21, 23, 36, 17, 16, 33, 32, 33, 24, 35, 18, 25, 36, 19, 22, 18, 30, 23, 15, 27, 33, 21, 17, 31, 27, 25, 24, 29, 16, 34, 27, 37, 16, 27, 31, 12, 39, 33, 30, 16, 16, 23, 26, 27, 28, 21, 26, 18]"
348,"[0, 9, 14, 22, 31, 17, 30, 22, 28, 16, 25, 26, 19, 20, 21, 29, 30, 23, 32, 19, 11, 36, 20, 22, 26, 19, 26, 26, 38, 34, 28, 29, 26, 18, 29, 19, 16, 30, 26, 15, 14, 14, 27, 12, 11, 24, 16, 13, 8, 17]"
349,"[0, 18, 24, 27, 19, 27, 24, 20, 18, 24, 22, 27, 20, 34, 32, 22, 23, 30, 37, 33, 19, 33, 37, 19, 24, 19, 35, 24, 24, 33, 31, 34, 17, 32, 25, 15, 28, 31, 21, 17, 23, 23, 20, 38, 29, 35, 22, 19, 16, 26]"
350,"[0, 20, 30, 29, 33, 24, 18, 24, 31, 34, 33, 18, 24, 23, 40, 24, 12, 21, 18, 31, 21, 26, 11, 22, 20, 36, 25, 26, 25, 32, 26, 15, 32, 17, 35, 27, 22, 31, 24, 21, 23, 29, 24, 28, 29, 23, 40, 32, 34, 34]"
351,"[0, 8, 22, 20, 33, 29, 38, 28, 33, 37, 12, 31, 15, 29, 33, 27, 31, 29, 25, 25, 30, 21, 21, 28, 30, 23, 32, 20, 28, 26, 35, 25, 30, 32, 34, 24, 39, 27, 22, 14, 28, 13, 39, 23, 19, 33, 21, 21, 18, 33]"
352,"[0, 8, 25, 35, 37, 33, 28, 37, 30, 9, 21, 24, 19, 22, 30, 11, 28, 20, 30, 32, 27, 26, 22, 16, 32, 19, 23, 25, 29, 21, 19, 23, 20, 21, 30, 32, 35, 17, 21, 26, 10, 32, 29, 32, 38, 18, 34, 17, 42, 24]"
353,"[0, 2, 31, 36, 19, 29, 31, 28, 21, 15, 25, 30, 24, 34, 20, 32, 13, 27, 37, 27, 23, 21, 20, 29, 13, 32, 28, 19, 25, 17, 30, 23, 24, 24, 22, 22, 37, 26, 25, 31, 25, 22, 14, 37, 33, 15, 23, 38, 30, 31]"
354,"[0, 13, 27, 34, 14, 24, 25, 27, 28, 24, 27, 27, 25, 26, 29, 20, 32, 28, 18, 27, 9, 29, 22, 15, 16, 28, 28, 26, 19, 37, 31, 17, 31, 29, 26, 33, 36, 32, 27, 28, 25, 17, 28, 30, 21, 24, 25, 22, 22, 28]"
355,"[0, 14, 18, 21, 28, 21, 38, 29, 13, 36, 30, 33, 24, 25, 27, 26, 10, 31, 37, 22, 12, 25, 22, 21, 20, 21, 18, 25, 33, 25, 20, 22, 31, 20, 25, 38, 29, 30, 27, 27, 27, 31, 25, 19, 25, 17, 15, 27, 25, 33]"
356,"[0, 19, 28, 33, 21, 14, 29, 30, 28, 31, 22, 34, 27, 23, 14, 15, 23, 27, 16, 32, 16, 21, 37, 34, 26, 25, 33, 32, 27, 17, 16, 17, 29, 24, 28, 38, 14, 38, 27, 39, 29, 41, 9, 15, 26, 14, 27, 19, 20, 32]"
357,"[0, 17, 31, 31, 13, 26, 29, 24, 36, 33, 31, 24, 20, 29, 16, 15, 34, 17, 11, 33, 18, 25, 24, 18, 23, 28, 34, 29, 33, 22, 24, 12, 34, 26, 19, 33, 19, 24, 27, 21, 32, 13, 25, 29, 30, 34, 38, 39, 25, 23]"
358,"[0, 15, 25, 23, 31, 15, 32, 34, 32, 23, 26, 27, 25, 24, 27, 23, 13, 17, 13, 23, 42, 19, 26, 31, 28, 26, 35, 28, 37, 18, 14, 29, 24, 33, 34, 10, 30, 25, 25, 23, 12, 33, 33, 32, 45, 29, 32, 25, 31, 33]"
359,"[0, 10, 13, 16, 14, 27, 30, 24, 26, 33, 12, 38, 18, 35, 19, 13, 21, 25, 36, 28, 16, 31, 14, 33, 23, 20, 22, 27, 32, 25, 24, 37, 33, 33, 14, 32, 28, 25, 35, 20, 20, 26, 44, 21, 21, 14, 23, 31, 19, 14]"
360,"[0, 12, 30, 26, 19, 32, 23, 35, 18, 19, 42, 30, 33, 20, 10, 11, 28, 23, 18, 17, 34, 30, 19, 29, 22, 28, 20, 29, 14, 35, 31, 31, 45, 23, 32, 12, 27, 8, 24, 39, 21, 37, 37, 37, 26, 32, 33, 30, 27, 26]"
361,"[0, 20, 30, 19, 27, 36, 40, 37, 27, 25, 25, 37, 24, 17, 24, 24, 37, 27, 26, 27, 43, 13, 27, 22, 31, 30, 17, 35, 27, 27, 21, 37, 35, 29, 28, 32, 12, 32, 32, 23, 25, 21, 26, 21, 35, 30, 35, 22, 12, 21]"
362,"[0, 4, 10, 30, 36, 12, 35, 23, 32, 28, 33, 24, 16, 12, 19, 32, 17, 28, 19, 24, 28, 21, 22, 19, 17, 19, 33, 14, 24, 26, 33, 20, 42, 17, 22, 17, 35, 18, 33, 29, 38, 31, 22, 36, 26, 17, 39, 18, 27, 13]"
363,"[0, 3, 20, 27, 20, 23, 11, 21, 16, 21, 19, 30, 22, 29, 13, 37, 22, 13, 30, 20, 25, 16, 13, 30, 17, 20, 19, 8, 28, 25, 38, 23, 24, 22, 27, 26, 17, 31, 19, 41, 24, 31, 28, 31, 26, 29, 11, 22, 26, 19]"
364,"[0, 7, 19, 26, 28, 12, 30, 21, 24, 15, 14, 38, 27, 27, 28, 17, 32, 34, 23, 31, 21, 21, 30, 24, 28, 24, 11, 26, 37, 33, 30, 37, 28, 27, 16, 35, 31, 18, 28, 15, 31, 18, 31, 14, 18, 36, 33, 27, 33, 17]"
365,"[0, 15, 15, 8, 21, 29, 14, 18, 20, 24, 8, 33, 36, 20, 13, 17, 21, 35, 38, 28, 26, 35, 24, 19, 30, 21, 17, 35, 30, 27, 24, 39, 23, 18, 26, 30, 37, 27, 22, 19, 32, 34, 17, 17, 34, 28, 29, 29, 19, 30]"
366,"[0, 18, 7, 23, 22, 23, 23, 17, 40, 23, 24, 34, 19, 18, 16, 22, 26, 36, 28, 37, 33, 22, 34, 34, 22, 27, 19, 13, 35, 29, 37, 21, 23, 24, 19, 31, 36, 27, 31, 15, 23, 27, 36, 22, 24, 25, 21, 20, 26, 28]"
367,"[0, 2, 29, 34, 15, 30, 19, 26, 29, 29, 23, 28, 18, 15, 24, 23, 26, 11, 16, 17, 13, 19, 20, 22, 35, 27, 18, 31, 14, 33, 25, 18, 30, 17, 18, 12, 30, 16, 36, 34, 23, 28, 12, 31, 23, 12, 31, 12, 16, 18]"
368,"[0, 8, 24, 18, 31, 22, 21, 24, 24, 26, 14, 28, 22, 20, 34, 20, 15, 9, 31, 30, 38, 13, 31, 24, 38, 35, 24, 25, 28, 33, 35, 32, 7, 15, 17, 13, 20, 36, 31, 22, 14, 28, 16, 40, 20, 24, 17, 41, 35, 12]"
369,"[0, 11, 12, 38, 27, 32, 35, 30, 14, 20, 35, 24, 34, 32, 19, 11, 16, 32, 29, 34, 34, 32, 25, 36, 24, 22, 17, 31, 25, 18, 22, 17, 21, 24, 14, 22, 41, 29, 17, 23, 30, 23, 28, 14, 21, 26, 24, 22, 16, 24]"
370,"[0, 8, 38, 23, 33, 22, 33, 27, 26, 33, 13, 23, 28, 18, 25, 21, 24, 32, 27, 24, 18, 21, 21, 17, 26, 26, 25, 36, 21, 11, 36, 17, 22, 21, 24, 23, 25, 36, 25, 33, 21, 17, 28, 30, 9, 29, 14, 27, 31, 23]"
371,"[0, 12, 19, 34, 31, 28, 33, 21, 22, 22, 18, 16, 18, 30, 32, 22, 19, 26, 15, 13, 40, 20, 30, 16, 27, 18, 25, 40, 15, 37, 15, 34, 30, 29, 22, 13, 31, 26, 9, 18, 29, 32, 30, 10, 27, 14, 33, 35, 23, 28]"
372,"[0, 14, 15, 31, 26, 39, 41, 27, 10, 18, 20, 31, 20, 31, 28, 29, 25, 22, 13, 36, 26, 40, 24, 37, 27, 30, 17, 29, 14, 20, 19, 29, 37, 27, 21, 35, 23, 24, 19, 24, 15, 29, 31, 26, 10, 19, 28, 20, 27, 35]"
373,"[0, 5, 21, 11, 39, 23, 29, 24, 27, 29, 23, 36, 25, 35, 25, 28, 27, 22, 11, 13, 24, 27, 38, 27, 14, 22, 24, 16, 32, 14, 24, 13, 39, 24, 25, 23, 30, 22, 28, 38, 32, 21, 27, 31, 27, 24, 26, 26, 23, 35]"
374,"[0, 14, 18, 16, 7, 31, 30, 13, 11, 21, 25, 20, 19, 33, 29, 29, 14, 24, 32, 18, 14, 28, 21, 27, 23, 18, 10, 32, 21, 22, 14, 19, 15, 22, 29, 14, 35, 31, 28, 33, 18, 27, 26, 29, 22, 24, 34, 32, 25, 32]"
375,"[0, 14, 15, 23, 19, 33, 39, 29, 14, 31, 34, 22, 26, 24, 36, 23, 16, 39, 22, 25, 29, 23, 30, 33, 37, 34, 18, 26, 33, 20, 15, 22, 18, 30, 22, 31, 30, 25, 29, 26, 20, 24, 22, 23, 26, 41, 17, 24, 17, 30]"
376,"[0, 10, 26, 26, 21, 33, 25, 29, 29, 31, 23, 17, 10, 31, 26, 30, 19, 37, 31, 32, 26, 22, 29, 32, 30, 34, 42, 29, 29, 15, 24, 13, 29, 29, 48, 27, 33, 19, 16, 37, 32, 35, 17, 28, 35, 27, 26, 27, 33, 24]"
377,"[0, 2, 19, 32, 26, 32, 13, 21, 21, 22, 30, 40, 21, 22, 21, 24, 31, 17, 27, 17, 34, 15, 27, 26, 22, 27, 31, 30, 18, 33, 17, 21, 9, 33, 29, 30, 21, 27, 19, 16, 30, 14, 24, 38, 26, 15, 30, 32, 27, 15]"
378,"[0, 9, 26, 18, 30, 17, 35, 15, 30, 17, 30, 13, 14, 21, 18, 21, 16, 22, 19, 21, 21, 26, 26, 36, 34, 25, 21, 27, 28, 30, 20, 18, 32, 13, 30, 24, 19, 22, 23, 15, 11, 21, 29, 32, 37, 28, 24, 29, 11, 11]"
379,"[0, 15, 23, 23, 20, 26, 23, 34, 32, 33, 16, 42, 20, 22, 27, 13, 32, 36, 40, 36, 24, 27, 39, 21, 31, 19, 22, 33, 24, 18, 27, 30, 29, 39, 32, 37, 11, 24, 12, 25, 26, 39, 39, 19, 23, 13, 17, 21, 28, 31]"
380,"[0, 4, 19, 18, 18, 34, 30, 28, 31, 21, 18, 43, 27, 19, 19, 38, 32, 30, 35, 29, 29, 26, 18, 16, 31, 22, 29, 30, 29, 36, 23, 31, 25, 20, 30, 23, 26, 24, 23, 28, 29, 31, 31, 17, 21, 23, 25, 35, 29, 26]"
381,"[0, 4, 21, 18, 27, 30, 39, 30, 19, 13, 30, 22, 17, 8, 22, 19, 42, 25, 24, 36, 17, 12, 13, 29, 21, 25, 32, 32, 33, 35, 35, 12, 17, 30, 15, 18, 25, 31, 33, 29, 33, 31, 38, 28, 26, 30, 31, 25, 37, 16]"
382,"[0, 2, 14, 31, 32, 40, 35, 30, 19, 34, 39, 39, 23, 28, 38, 29, 17, 38, 30, 27, 26, 35, 20, 34, 26, 22, 34, 14, 24, 20, 26, 32, 22, 27, 30, 28, 16, 15, 32, 18, 14, 25, 22, 32, 38, 24, 34, 28, 23, 32]"
383,"[0, 3, 4, 23, 21, 24, 19, 26, 26, 29, 17, 32, 20, 31, 14, 17, 37, 26, 33, 27, 25, 13, 31, 34, 26, 24, 22, 24, 30, 26, 18, 20, 28, 25, 25, 18, 30, 31, 17, 22, 24, 31, 36, 30, 21, 21, 21, 33, 22, 29]"
384,"[0, 12, 10, 16, 21, 17, 19, 28, 33, 28, 32, 11, 36, 18, 23, 23, 27, 22, 21, 21, 25, 23, 23, 25, 24, 24, 20, 31, 21, 28, 38, 22, 27, 34, 21, 22, 23, 31, 22, 19, 28, 37, 44, 34, 25, 32, 29, 24, 37, 16]"
385,"[0, 6, 12, 27, 27, 16, 23, 15, 31, 18, 20, 24, 28, 35, 18, 18, 36, 18, 21, 33, 19, 15, 28, 33, 18, 10, 38, 17, 28, 29, 14, 35, 37, 37, 26, 19, 25, 16, 25, 19, 19, 37, 26, 27, 32, 23, 27, 19, 26, 29]"
386,"[0, 18, 21, 26, 35, 32, 16, 43, 15, 20, 26, 22, 33, 23, 29, 33, 16, 27, 16, 31, 30, 23, 28, 25, 19, 32, 29, 32, 28, 32, 25, 36, 26, 27, 30, 18, 25, 29, 35, 21, 17, 37, 41, 39, 22, 23, 38, 32, 22, 12]"
387,"[0, 20, 14, 37, 30, 30, 20, 28, 28, 20, 29, 32, 30, 25, 27, 25, 30, 17, 23, 27, 27, 22, 28, 19, 33, 36, 31, 27, 44, 21, 19, 16, 27, 23, 35, 19, 18, 32, 23, 29, 35, 23, 29, 25, 29, 22, 28, 37, 6, 30]"
388,"[0, 16, 35, 30, 20, 22, 34, 30, 36, 31, 28, 34, 29, 25, 23, 38, 25, 11, 28, 32, 31, 20, 22, 37, 35, 31, 36, 38, 33, 28, 29, 25, 27, 39, 20, 30, 24, 21, 29, 39, 25, 22, 16, 36, 15, 24, 37, 11, 31, 29]"
389,"[0, 19, 23, 14, 25, 24, 34, 21, 23, 29, 19, 26, 28, 27, 27, 21, 9, 42, 25, 35, 16, 33, 19, 39, 14, 24, 12, 37, 28, 27, 27, 14, 39, 30, 23, 7, 29, 41, 30, 37, 27, 27, 38, 30, 26, 17, 20, 18, 36, 32]"
390,"[0, 3, 24, 28, 27, 28, 38, 33, 42, 17, 16, 29, 29, 29, 26, 26, 26, 30, 32, 20, 38, 29, 28, 23, 16, 32, 33, 12, 34, 18, 17, 39, 15, 21, 27, 27, 40, 37, 41, 26, 31, 23, 22, 29, 25, 27, 23, 40, 27, 26]"
391,"[0, 6, 16, 21, 16, 31, 27, 33, 12, 19, 8, 23, 31, 21, 21, 28, 17, 20, 12, 30, 23, 32, 29, 17, 30, 24, 24, 24, 12, 32, 24, 29, 14, 23, 19, 29, 28, 31, 26, 28, 21, 20, 35, 24, 14, 17, 30, 21, 16, 28]"
392,"[0, 17, 21, 22, 9, 21, 34, 28, 14, 27, 18, 21, 26, 16, 34, 30, 11, 14, 23, 17, 31, 15, 32, 19, 30, 11, 26, 19, 9, 33, 32, 14, 22, 26, 29, 30, 26, 29, 24, 23, 18, 27, 23, 30, 22, 9, 22, 14, 17, 15]"
393,"[0, 17, 27, 17, 35, 24, 14, 27, 33, 29, 46, 38, 28, 23, 28, 30, 39, 29, 23, 22, 37, 19, 11, 33, 20, 21, 20, 20, 14, 22, 28, 21, 20, 32, 28, 27, 30, 22, 21, 15, 20, 17, 33, 23, 15, 33, 29, 31, 17, 20]"
394,"[0, 14, 10, 25, 24, 36, 27, 37, 23, 41, 28, 30, 31, 31, 36, 30, 31, 21, 16, 38, 10, 23, 24, 22, 17, 25, 15, 21, 28, 20, 18, 24, 36, 17, 26, 36, 21, 23, 32, 17, 33, 16, 17, 33, 21, 21, 24, 39, 30, 25]"
395,"[0, 13, 17, 13, 22, 17, 27, 33, 30, 26, 32, 23, 24, 33, 15, 32, 30, 17, 34, 23, 39, 40, 27, 29, 42, 34, 35, 21, 22, 30, 33, 28, 23, 32, 36, 30, 29, 38, 19, 31, 28, 19, 19, 25, 29, 22, 23, 21, 30, 38]"
396,"[0, 11, 28, 29, 17, 23, 26, 25, 28, 28, 13, 14, 29, 28, 42, 26, 34, 18, 29, 30, 37, 18, 23, 34, 43, 39, 31, 23, 27, 37, 30, 17, 14, 27, 25, 30, 39, 17, 41, 20, 30, 34, 30, 15, 32, 30, 34, 23, 30, 21]"
397,"[0, 19, 27, 36, 30, 25, 33, 14, 34, 20, 21, 38, 18, 34, 36, 27, 28, 40, 22, 20, 21, 13, 10, 42, 31, 21, 21, 21, 30, 13, 34, 20, 28, 16, 24, 30, 25, 30, 26, 17, 34, 16, 30, 27, 24, 22, 20, 16, 18, 24]"
398,"[0, 11, 35, 30, 17, 38, 7, 9, 10, 14, 20, 34, 40, 34, 21, 29, 27, 28, 34, 29, 19, 21, 35, 15, 21, 15, 28, 34, 23, 27, 20, 16, 23, 27, 24, 24, 28, 21, 22, 25, 12, 32, 18, 29, 18, 18, 23, 16, 35, 31]"
399,"[0, 14, 15, 25, 19, 31, 14, 17, 18, 15, 23, 26, 29, 23, 33, 15, 26, 37, 26, 25, 38, 29, 35, 37, 24, 21, 19, 21, 22, 30, 30, 19, 20, 13, 24, 14, 28, 27, 36, 16, 11, 27, 35, 30, 26, 7, 21, 35, 35, 23]"
400,"[0, 16, 16, 15, 22, 28, 28, 13, 20, 25, 25, 30, 34, 22, 20, 19, 31, 25, 21, 21, 25, 28, 22, 39, 20, 33, 21, 24, 20, 21, 21, 16, 29, 24, 34, 31, 25, 25, 31, 19, 16, 32, 20, 17, 23, 21, 24, 27, 32, 41]"
401,"[0, 20, 29, 11, 24, 22, 24, 33, 22, 36, 29, 18, 30, 28, 18, 31, 33, 31, 22, 15, 17, 39, 21, 36, 28, 20, 21, 25, 21, 29, 27, 28, 22, 20, 30, 35, 17, 23, 34, 31, 13, 27, 22, 34, 41, 30, 24, 35, 34, 30]"
402,"[0, 8, 11, 23, 36, 28, 21, 21, 15, 37, 35, 36, 6, 20, 33, 22, 22, 18, 23, 16, 24, 29, 19, 32, 30, 15, 31, 11, 21, 33, 29, 29, 26, 23, 35, 35, 15, 26, 30, 31, 40, 29, 36, 27, 25, 29, 14, 27, 24, 25]"
403,"[0, 13, 20, 19, 29, 27, 21, 31, 27, 31, 20, 21, 33, 37, 29, 24, 23, 26, 18, 23, 19, 19, 25, 24, 16, 25, 20, 26, 16, 32, 23, 29, 39, 33, 15, 19, 23, 23, 27, 15, 37, 37, 30, 30, 13, 22, 27, 26, 23, 35]"
404,"[0, 18, 25, 20, 22, 23, 21, 23, 26, 29, 40, 33, 34, 26, 21, 33, 29, 22, 34, 26, 28, 23, 34, 30, 21, 27, 27, 21, 29, 25, 43, 34, 27, 31, 35, 28, 30, 34, 35, 35, 25, 16, 15, 23, 32, 37, 32, 14, 37, 33]"
405,"[0, 12, 19, 30, 21, 30, 25, 26, 35, 25, 25, 27, 27, 20, 22, 21, 29, 24, 17, 12, 29, 35, 21, 31, 16, 24, 23, 29, 34, 32, 15, 21, 24, 30, 36, 17, 25, 33, 17, 15, 29, 14, 19, 18, 26, 28, 20, 36, 29, 34]"
406,"[0, 7, 17, 25, 30, 29, 34, 9, 16, 34, 40, 30, 34, 15, 19, 22, 16, 33, 13, 34, 22, 41, 21, 10, 32, 35, 30, 23, 20, 21, 16, 25, 33, 33, 33, 20, 21, 18, 19, 19, 17, 13, 29, 15, 35, 10, 17, 27, 46, 31]"
407,"[0, 8, 22, 27, 33, 17, 20, 22, 17, 21, 27, 32, 32, 33, 34, 13, 27, 21, 36, 20, 34, 24, 18, 19, 20, 18, 21, 16, 22, 11, 28, 22, 36, 35, 27, 30, 22, 25, 14, 23, 25, 26, 28, 30, 22, 24, 18, 38, 19, 34]"
408,"[0, 16, 25, 21, 27, 31, 15, 24, 23, 18, 32, 27, 17, 37, 16, 33, 21, 35, 23, 31, 24, 19, 32, 13, 23, 14, 26, 18, 27, 14, 32, 34, 24, 27, 20, 25, 12, 27, 20, 30, 29, 24, 30, 26, 19, 26, 29, 28, 24, 36]"
409,"[0, 11, 27, 27, 13, 21, 24, 27, 13, 12, 28, 30, 31, 17, 34, 10, 25, 32, 26, 35, 18, 32, 28, 17, 17, 13, 20, 28, 10, 28, 15, 23, 22, 15, 24, 18, 14, 18, 26, 17, 37, 34, 29, 30, 14, 10, 24, 37, 40, 36]"
410,"[0, 0, 20, 39, 23, 22, 33, 31, 15, 12, 31, 35, 12, 45, 23, 33, 36, 18, 29, 26, 34, 25, 28, 26, 17, 15, 25, 21, 25, 13, 24, 21, 27, 18, 38, 28, 33, 32, 29, 25, 24, 27, 32, 28, 38, 17, 39, 31, 39, 39]"
411,"[0, 17, 17, 21, 27, 19, 33, 25, 23, 25, 21, 27, 31, 7, 49, 23, 24, 18, 21, 16, 13, 30, 20, 18, 24, 22, 23, 17, 14, 30, 24, 25, 25, 32, 32, 22, 37, 25, 37, 22, 26, 36, 16, 16, 26, 18, 30, 31, 30, 16]"
412,"[0, 14, 22, 31, 13, 33, 22, 23, 7, 27, 12, 29, 19, 15, 27, 36, 22, 25, 26, 20, 21, 24, 37, 16, 21, 29, 20, 16, 23, 33, 31, 18, 26, 36, 33, 20, 29, 28, 11, 25, 21, 25, 18, 24, 29, 25, 30, 25, 17, 21]"
413,"[0, 13, 19, 26, 25, 19, 38, 18, 17, 24, 16, 13, 15, 21, 13, 12, 31, 16, 39, 13, 14, 26, 30, 31, 27, 25, 36, 23, 29, 27, 19, 9, 15, 24, 38, 37, 10, 17, 21, 22, 21, 19, 19, 13, 20, 35, 10, 20, 19, 23]"
414,"[0, 6, 16, 27, 26, 26, 11, 28, 21, 26, 14, 27, 18, 20, 18, 10, 26, 25, 12, 30, 15, 20, 23, 22, 25, 18, 31, 16, 24, 21, 35, 23, 16, 22, 29, 17, 23, 14, 29, 32, 23, 32, 24, 22, 21, 35, 29, 26, 20, 27]"
415,"[0, 2, 26, 24, 19, 20, 31, 19, 40, 36, 38, 30, 27, 27, 20, 28, 18, 14, 30, 17, 23, 28, 34, 27, 29, 17, 28, 35, 32, 24, 28, 13, 24, 17, 38, 21, 26, 19, 26, 16, 35, 38, 37, 30, 20, 23, 26, 37, 31, 14]"
416,"[0, 1, 20, 45, 27, 33, 34, 30, 26, 21, 29, 21, 27, 33, 28, 21, 31, 16, 21, 13, 31, 15, 21, 28, 25, 21, 33, 19, 21, 10, 27, 22, 19, 26, 22, 29, 27, 21, 14, 32, 27, 29, 41, 19, 12, 19, 21, 38, 32, 22]"
417,"[0, 11, 22, 25, 12, 36, 22, 11, 16, 20, 29, 32, 34, 32, 39, 17, 12, 18, 24, 20, 32, 31, 31, 33, 18, 29, 36, 16, 18, 22, 35, 27, 33, 16, 19, 37, 23, 41, 34, 19, 32, 35, 36, 23, 31, 35, 34, 31, 15, 14]"
418,"[0, 2, 16, 20, 22, 25, 21, 14, 32, 22, 31, 31, 24, 39, 20, 21, 19, 35, 30, 38, 33, 34, 21, 17, 28, 21, 21, 35, 21, 29, 18, 19, 17, 23, 9, 25, 40, 30, 34, 30, 33, 36, 31, 23, 40, 29, 24, 21, 14, 32]"
419,"[0, 3, 11, 31, 37, 22, 14, 37, 27, 38, 24, 20, 35, 13, 33, 23, 36, 24, 26, 40, 26, 25, 10, 24, 25, 33, 12, 27, 29, 14, 32, 16, 32, 36, 27, 20, 33, 20, 29, 24, 20, 30, 34, 22, 33, 12, 17, 15, 15, 37]"
420,"[0, 0, 9, 25, 17, 19, 34, 36, 19, 28, 22, 29, 11, 24, 34, 23, 31, 16, 15, 28, 45, 15, 9, 18, 29, 8, 19, 34, 27, 15, 34, 31, 29, 18, 14, 37, 22, 24, 34, 8, 28, 35, 23, 20, 26, 28, 29, 15, 22, 30]"
421,"[0, 14, 26, 13, 30, 30, 34, 26, 19, 28, 14, 16, 17, 19, 18, 32, 21, 21, 18, 27, 28, 20, 34, 20, 14, 25, 16, 32, 14, 40, 22, 31, 24, 23, 32, 30, 15, 25, 8, 21, 25, 27, 22, 27, 30, 26, 10, 26, 28, 22]"
422,"[0, 0, 19, 29, 30, 43, 35, 40, 26, 30, 34, 22, 20, 28, 32, 14, 17, 20, 22, 19, 21, 46, 14, 23, 31, 23, 19, 22, 24, 19, 33, 25, 36, 31, 27, 16, 30, 37, 15, 33, 31, 27, 22, 34, 19, 19, 17, 27, 26, 22]"
423,"[0, 6, 18, 12, 29, 24, 33, 38, 29, 34, 27, 26, 30, 14, 33, 27, 24, 13, 45, 32, 34, 17, 21, 21, 24, 24, 22, 22, 18, 20, 28, 31, 26, 36, 14, 16, 33, 35, 33, 18, 35, 26, 33, 21, 19, 21, 27, 22, 14, 43]"
424,"[0, 14, 7, 33, 14, 19, 25, 13, 39, 11, 29, 21, 17, 36, 19, 39, 26, 33, 38, 28, 30, 22, 36, 32, 18, 38, 11, 19, 25, 19, 32, 17, 32, 25, 31, 15, 29, 23, 20, 14, 22, 26, 22, 24, 26, 13, 38, 32, 31, 33]"
425,"[0, 8, 13, 11, 30, 40, 18, 24, 23, 17, 20, 14, 28, 17, 35, 32, 38, 29, 21, 38, 15, 31, 24, 38, 39, 30, 21, 31, 28, 18, 31, 25, 38, 32, 24, 25, 28, 20, 21, 20, 21, 19, 32, 29, 19, 13, 34, 23, 17, 26]"
426,"[0, 13, 20, 19, 33, 15, 28, 18, 19, 23, 16, 21, 25, 18, 24, 32, 27, 28, 29, 27, 25, 20, 27, 28, 21, 25, 10, 17, 18, 21, 27, 27, 32, 25, 13, 27, 18, 12, 26, 7, 27, 19, 29, 30, 13, 25, 26, 15, 18, 17]"
427,"[0, 17, 27, 13, 26, 14, 19, 21, 32, 36, 25, 22, 19, 24, 25, 25, 29, 20, 17, 34, 36, 34, 30, 32, 18, 15, 22, 20, 39, 16, 28, 32, 22, 22, 12, 20, 13, 19, 26, 29, 19, 20, 23, 28, 36, 39, 24, 26, 13, 24]"
428,"[0, 13, 13, 31, 24, 17, 27, 34, 18, 24, 35, 27, 34, 24, 36, 10, 16, 21, 26, 21, 25, 26, 23, 25, 20, 29, 15, 28, 12, 20, 30, 24, 35, 20, 17, 15, 20, 26, 26, 16, 24, 28, 22, 25, 33, 32, 10, 26, 13, 23]"
429,"[0, 7, 30, 19, 19, 11, 24, 14, 18, 10, 10, 34, 32, 25, 24, 27, 23, 21, 14, 28, 16, 14, 19, 22, 32, 31, 27, 24, 19, 39, 31, 26, 26, 28, 26, 15, 29, 25, 21, 23, 16, 33, 24, 24, 25, 18, 33, 21, 11, 17]"
430,"[0, 9, 16, 35, 15, 30, 30, 13, 15, 19, 20, 25, 22, 34, 15, 34, 23, 21, 41, 20, 14, 28, 22, 23, 30, 32, 29, 25, 32, 28, 22, 20, 23, 31, 26, 20, 11, 31, 36, 9, 26, 18, 17, 19, 24, 30, 29, 22, 21, 32]"
431,"[0, 10, 24, 19, 19, 19, 32, 23, 14, 21, 30, 31, 20, 25, 13, 35, 23, 34, 22, 26, 18, 21, 23, 21, 34, 35, 41, 16, 30, 19, 21, 22, 21, 30, 23, 20, 32, 36, 20, 32, 29, 29, 22, 26, 27, 20, 15, 20, 19, 16]"
432,"[0, 11, 13, 25, 20, 26, 21, 18, 26, 21, 18, 33, 15, 17, 33, 18, 23, 37, 20, 20, 19, 14, 22, 37, 33, 30, 25, 20, 27, 21, 19, 18, 39, 13, 36, 33, 21, 27, 30, 14, 15, 23, 19, 37, 20, 17, 23, 10, 25, 22]"
